id,submittedBy,anonymous,category,location,description,severity,department,year,userType,createdAt,status,sentiment,outcome
HIST-00001,user_2972,False,Transport,Transport Area,Bus driver on Route 3 drives rashly and it is very unsafe,Medium,Management,4,student,2025-12-11T13:25:03,In Progress,negative,
HIST-00002,user_5843,False,Network/IT,Hostel C,My hostel room has no WiFi signal after 7pm every day,Low,Mathematics,4,student,2026-06-27T21:09:22,Resolved,neutral,Issue addressed and closed by department
HIST-00003,user_1992,False,Electricity,Block C,Frequent power cuts in Block C classrooms are disrupting lectures,Low,Mathematics,4,staff,2025-12-11T04:35:51,Submitted,neutral,
HIST-00004,user_4193,False,Transport,Main Gate Bus Stop,Route 3 has too few buses for the number of students,Medium,Civil,3,student,2026-06-14T05:25:24,Submitted,neutral,
HIST-00005,user_9577,False,Electricity,Block C Classroom,We experience load shedding only in Block C every afternoon,Low,Electronics,2,student,2025-11-10T15:13:31,Resolved,neutral,Problem fixed following department review
HIST-00006,user_9259,False,Electricity,Block C Classroom,Electrical wiring in Block C looks damaged and poses a safety hazard,High,Computer Science,2,student,2026-05-13T09:50:33,Under Review,negative,
HIST-00007,user_5627,False,Electricity,Block C Lab,Frequent power cuts in Block C classrooms are disrupting lectures,Medium,Mechanical,2,student,2026-09-27T07:53:50,Resolved,neutral,Corrective action taken and verified
HIST-00008,user_5066,False,Electricity,Sports Complex,Streetlights near the sports complex do not work at night,Low,Management,4,student,2026-05-13T12:34:29,Closed,neutral,Withdrawn by submitter
HIST-00009,user_7160,False,Transport,Main Gate Bus Stop,The college bus on Route 3 frequently breaks down,Low,Computer Science,4,staff,2026-01-27T01:07:59,Resolved,neutral,Resolved after escalation to concerned authority
HIST-00010,user_7930,False,Water/Sanitation,Canteen,Drainage in the main corridor gets clogged after rain,High,Mathematics,1,staff,2026-08-25T18:21:07,In Progress,negative,
HIST-00011,user_1178,False,Electricity,Main Building,Generator backup is slow during power outages,High,Management,1,staff,2026-03-15T06:46:35,Submitted,negative,
HIST-00012,user_5885,False,Water/Sanitation,Boys Hostel A,Water pressure in hostel is too low to use showers,Low,Computer Science,1,student,2025-10-13T01:52:42,Under Review,neutral,
HIST-00013,user_5276,False,Infrastructure,Auditorium,Elevator in the admin block is out of order,Low,Mechanical,1,student,2026-09-24T10:44:52,Resolved,neutral,Issue addressed and closed by department
HIST-00014,user_4346,False,Water/Sanitation,Hostel D,Water leaking from pipes in hostel basement for over two weeks,High,Chemical,1,student,2026-04-20T01:22:58,Resolved,negative,Resolved after escalation to concerned authority
HIST-00015,user_3360,False,Network/IT,Hostel C,Internet speed drops drastically at night in hostel,Low,Computer Science,1,faculty,2025-11-20T21:13:04,Resolved,neutral,Problem fixed following department review
HIST-00016,user_5851,False,Network/IT,Sports Complex,Campus Wi-Fi password was changed without informing students,Medium,Civil,3,faculty,2026-06-09T03:23:34,Under Review,neutral,
HIST-00017,user_1414,False,Network/IT,Girls Hostel B,Internet speed drops drastically at night in hostel,Low,Physics,2,faculty,2026-07-12T22:26:23,Closed,neutral,Withdrawn by submitter
HIST-00018,user_1472,False,Library,Library,Some reference books are always checked out and unavailable,Critical,Civil,1,staff,2025-12-09T06:20:21,Under Review,neutral,
HIST-00019,user_7904,False,Network/IT,Hostel C,Cannot access internet from hostel room in the evening,Medium,Physics,4,student,2026-02-16T20:39:11,Resolved,neutral,Corrective action taken and verified
HIST-00020,user_2289,False,Network/IT,Girls Hostel B,Cannot access internet from hostel room in the evening,Medium,Chemical,4,student,2026-01-06T19:35:19,In Progress,neutral,
HIST-00021,user_7039,True,Bullying,Hostel,Inappropriate behavior was noticed near the canteen area,High,Civil,4,student,2025-12-12T08:46:39,Under Review,negative,
HIST-00022,user_8617,False,Water/Sanitation,Boys Hostel A,Hostel bathrooms have intermittent water availability,Medium,Civil,1,faculty,2026-02-10T16:49:35,Resolved,neutral,Resolved after escalation to concerned authority
HIST-00023,user_3418,False,Electricity,Block C Classroom,Frequent power cuts in Block C classrooms are disrupting lectures,High,Physics,2,student,2026-09-23T08:56:45,Closed,neutral,Issue closed after investigation found no violation
HIST-00024,user_8318,False,Water/Sanitation,New Hostel Block,Hot water facility in hostel is non-functional during winter mornings,High,Mathematics,2,faculty,2026-07-18T19:25:58,Resolved,negative,Issue resolved after maintenance team intervention
HIST-00025,user_7259,True,Bullying,Hostel,Some individuals are targeting students from a specific background,Low,Mechanical,4,student,2025-10-27T12:48:17,In Progress,negative,
HIST-00026,user_3571,False,Transport,Transport Area,Route 3 bus schedule has not been updated for months,Medium,Computer Science,2,staff,2026-01-18T16:45:40,In Progress,neutral,
HIST-00027,user_8276,False,Maintenance,Workshop,Door handles in classrooms are broken,High,Mathematics,2,student,2025-10-15T08:24:37,Resolved,negative,Issue addressed and closed by department
HIST-00028,user_6146,True,Bullying,Not Applicable,Verbal harassment occurred in a common area on campus,Critical,Mechanical,4,student,2026-01-07T10:39:56,In Progress,negative,
HIST-00029,user_2765,False,Electricity,Block C Classroom,The electricity in Block C Lab trips without warning,High,Chemical,4,staff,2026-04-08T12:19:05,Resolved,neutral,Issue addressed and closed by department
HIST-00030,user_5481,False,Hostel,Admin Block,Hostel mess food quality has declined significantly,Medium,Mathematics,2,faculty,2026-03-17T17:15:32,Resolved,neutral,Resolved after escalation to concerned authority
HIST-00031,user_8470,True,Bullying,Canteen,Intimidation and threats were made during an event on campus,Medium,Physics,4,student,2026-07-25T22:45:34,Submitted,negative,
HIST-00032,user_5521,False,Transport,Workshop,Bus timings are not aligned with class schedules,Medium,Chemical,1,student,2025-12-23T12:37:55,Under Review,neutral,
HIST-00033,user_4240,True,Harassment,Hostel,Inappropriate behavior was noticed near the canteen area,High,Computer Science,4,student,2026-04-19T17:24:28,In Progress,negative,
HIST-00034,user_8427,False,Transport,Transport Area,Bus on Route 3 is always late by 30 to 45 minutes,Low,Mathematics,4,staff,2026-06-10T10:28:32,Resolved,negative,Issue resolved after maintenance team intervention
HIST-00035,user_5665,False,Water/Sanitation,Girls Hostel B,The overhead water tank in hostel is not being filled regularly,Low,Management,4,student,2025-12-27T01:44:40,Resolved,neutral,Corrective action taken and verified
HIST-00036,user_3668,False,Canteen,Sports Complex,Canteen hygiene standards need improvement,High,Mathematics,1,student,2026-02-26T21:58:48,Submitted,neutral,
HIST-00037,user_3105,True,Bullying,Near Library,Verbal harassment occurred in a common area on campus,High,Mathematics,3,student,2026-08-11T19:32:37,Submitted,negative,
HIST-00038,user_6288,True,Bullying,Hostel,A group of seniors is creating a hostile environment for juniors,High,Electronics,3,student,2026-06-12T02:29:14,In Progress,negative,
HIST-00039,user_1277,False,Hostel,Seminar Hall,Common room TV has been broken for over a month,Medium,Management,2,faculty,2026-09-24T04:53:46,Closed,negative,Issue closed after investigation found no violation
HIST-00040,user_3030,False,Transport,Route 3 Stop,Route 3 bus schedule has not been updated for months,Low,Physics,1,student,2026-05-30T17:41:26,Submitted,neutral,
HIST-00041,user_1858,False,Electricity,Main Building,Generator backup is slow during power outages,Low,Chemical,1,faculty,2026-03-20T00:28:13,In Progress,negative,
HIST-00042,user_6349,False,Academic,Computer Science Department,Second year CS students are not getting study materials on time,Medium,Computer Science,2,student,2025-12-12T03:52:13,Resolved,neutral,Corrective action taken and verified
HIST-00043,user_8816,False,Infrastructure,Auditorium,Parking area is insufficient and poorly organized,High,Computer Science,1,faculty,2026-01-07T18:00:23,Submitted,negative,
HIST-00044,user_7042,False,Hostel,Auditorium,Hostel rooms have insufficient lighting,Low,Mechanical,4,faculty,2026-07-20T05:25:28,Submitted,negative,
HIST-00045,user_3322,False,Water/Sanitation,Hostel D,Hostel water supply disrupted due to maintenance without prior notice,Medium,Computer Science,2,student,2025-11-24T16:11:11,In Progress,neutral,
HIST-00046,user_6165,False,Other,Main Building,Campus events are not announced with sufficient advance notice,Medium,Civil,2,faculty,2025-10-31T18:29:21,Resolved,neutral,Issue resolved after maintenance team intervention
HIST-00047,user_7144,False,Network/IT,Hostel C,Network connectivity in hostel is extremely poor after 6pm,Low,Electronics,1,student,2026-01-29T20:38:45,Resolved,negative,Corrective action taken and verified
HIST-00048,user_1417,False,Network/IT,Girls Hostel B,Cannot access internet from hostel room in the evening,Medium,Mechanical,4,student,2026-06-06T21:44:58,Resolved,neutral,Resolved after escalation to concerned authority
HIST-00049,user_8114,False,Infrastructure,Canteen,Roof of the old building is leaking during rains,Medium,Electronics,1,student,2026-04-23T18:47:48,In Progress,negative,
HIST-00050,user_6306,False,Academic,Computer Science Department,Second year CS students are not getting study materials on time,High,Computer Science,2,student,2026-03-19T16:12:07,Closed,neutral,Issue closed after investigation found no violation
HIST-00051,user_7480,False,Academic,Computer Science Department,Mid-semester exams clashed for second year CS department students,Medium,Computer Science,2,student,2026-04-16T19:42:49,Under Review,neutral,
HIST-00052,user_3916,False,Electricity,Academic Block B,Power outlets in the library are insufficient,Low,Mathematics,3,student,2026-07-05T16:20:44,Closed,negative,Closed without further action required
HIST-00053,user_6351,False,Transport,Transport Area,We missed exams because Route 3 bus was cancelled without notification,Medium,Chemical,4,student,2026-01-11T12:46:04,Resolved,negative,Corrective action taken and verified
HIST-00054,user_1565,False,Network/IT,Boys Hostel A,Cannot access internet from hostel room in the evening,Medium,Civil,3,faculty,2025-10-03T19:54:09,Resolved,neutral,Issue addressed and closed by department
HIST-00055,user_5635,False,Water/Sanitation,Hostel C,Hot water facility in hostel is non-functional during winter mornings,Medium,Mathematics,1,student,2026-09-19T13:36:22,Resolved,negative,Issue addressed and closed by department
HIST-00056,user_6308,True,Harassment,Hostel,There is ongoing bullying in the hostel common room,High,Mathematics,3,student,2026-02-22T22:18:19,Under Review,negative,
HIST-00057,user_1645,False,Water/Sanitation,Sports Complex,Water cooler on second floor of academic block is not working,Medium,Management,1,student,2026-09-23T23:54:39,Resolved,negative,Issue resolved after maintenance team intervention
HIST-00058,user_9383,False,Hostel,Auditorium,Hostel mess food quality has declined significantly,Critical,Civil,2,faculty,2025-10-13T06:58:55,Under Review,neutral,
HIST-00059,user_1915,False,Network/IT,Not Applicable,Printing facility in computer lab has been non-functional for a week,High,Electronics,4,student,2025-11-02T06:42:09,Closed,negative,Withdrawn by submitter
HIST-00060,user_3160,False,Electricity,Block C,Faulty wiring in Block C caused a short circuit last week,Medium,Mechanical,2,student,2026-05-30T06:20:42,Under Review,negative,
HIST-00061,user_9137,False,Water/Sanitation,Hostel C,Hostel water supply disrupted due to maintenance without prior notice,High,Computer Science,1,staff,2026-09-09T11:55:35,In Progress,neutral,
HIST-00062,user_2046,False,Other,Main Building,Campus events are not announced with sufficient advance notice,Medium,Chemical,1,student,2026-08-10T07:38:32,In Progress,neutral,
HIST-00063,user_2112,False,Transport,Main Gate Bus Stop,Students waiting for Route 3 bus are stranded for over an hour,High,Electronics,2,student,2026-03-23T17:15:21,Submitted,negative,
HIST-00064,user_3292,False,Electricity,Block C Classroom,Frequent power cuts in Block C classrooms are disrupting lectures,Medium,Physics,3,faculty,2026-05-22T17:24:31,In Progress,neutral,
HIST-00065,user_3483,True,Harassment,Campus Common Area,There is ongoing bullying in the hostel common room,Medium,Computer Science,4,student,2025-12-17T13:53:14,Resolved,negative,Corrective action taken and verified
HIST-00066,user_2675,False,Academic,Computer Science Department,Internal assessment marks for second year CS batch were not uploaded,Low,Computer Science,2,student,2026-08-16T19:21:35,Under Review,neutral,
HIST-00067,user_9565,False,Academic,Computer Science Department,The syllabus for second year CS subjects was not updated this semester,Medium,Computer Science,2,student,2025-12-16T11:18:21,Resolved,neutral,Issue addressed and closed by department
HIST-00068,user_3676,False,Water/Sanitation,Academic Block B,Washrooms near the auditorium are not cleaned regularly,High,Mathematics,3,student,2026-05-12T21:44:03,Submitted,neutral,
HIST-00069,user_4850,False,Water/Sanitation,Academic Block A,Washrooms near the auditorium are not cleaned regularly,High,Mechanical,2,staff,2026-05-20T06:54:31,In Progress,neutral,
HIST-00070,user_2505,False,Electricity,Block C,Block C classroom fans and lights stop working randomly,Medium,Mechanical,1,student,2026-06-04T18:12:45,Under Review,neutral,
HIST-00071,user_6903,False,Academic,Computer Science Department,No feedback session was held for second year CS students this term,Medium,Computer Science,2,student,2026-07-06T01:31:49,Resolved,neutral,Problem fixed following department review
HIST-00072,user_6850,False,Water/Sanitation,Hostel C,Water pressure in hostel is too low to use showers,Critical,Mathematics,3,student,2026-04-15T02:48:42,Submitted,neutral,
HIST-00073,user_6540,False,Water/Sanitation,Girls Hostel B,Hot water facility in hostel is non-functional during winter mornings,Medium,Electronics,3,student,2026-08-22T16:20:13,Submitted,negative,
HIST-00074,user_2329,True,Bullying,Hostel,Inappropriate behavior was noticed near the canteen area,Medium,Computer Science,3,student,2026-09-06T16:07:35,In Progress,negative,
HIST-00075,user_7760,False,Transport,Route 3 Stop,Route 3 has too few buses for the number of students,Medium,Mathematics,4,student,2026-03-20T16:49:33,Submitted,neutral,
HIST-00076,user_6629,False,Network/IT,Boys Hostel A,Internet not working properly in hostel during evening hours,High,Mechanical,4,student,2025-12-02T18:48:21,In Progress,negative,
HIST-00077,user_2139,False,Network/IT,Academic Block B,Printing facility in computer lab has been non-functional for a week,Low,Mathematics,4,staff,2026-09-04T17:35:27,Submitted,negative,
HIST-00078,user_9068,False,Electricity,Block C Classroom,Faulty wiring in Block C caused a short circuit last week,Low,Mechanical,1,faculty,2025-12-03T14:00:05,In Progress,negative,
HIST-00079,user_7562,False,Electricity,Block C Lab,Faulty wiring in Block C caused a short circuit last week,Medium,Mechanical,4,student,2026-02-15T12:33:33,Submitted,negative,
HIST-00080,user_9931,False,Academic,Computer Science Department,Year 2 CS students have excessive workload with overlapping assignments,Medium,Computer Science,2,student,2026-09-12T09:24:13,Closed,neutral,Closed without further action required
HIST-00081,user_2018,False,Network/IT,Boys Hostel A,"Network issues persist in hostel, reported multiple times",Medium,Computer Science,2,student,2026-08-23T18:59:58,Submitted,neutral,
HIST-00082,user_9596,False,Network/IT,Girls Hostel B,Hostel network is almost unusable at night,Medium,Mathematics,1,faculty,2026-06-11T19:04:21,Submitted,negative,
HIST-00083,user_7821,False,Electricity,Sports Complex,Electrical board near the canteen looks dangerous,Critical,Chemical,4,student,2026-03-29T20:25:40,In Progress,negative,
HIST-00084,user_7487,False,Electricity,Block C Classroom,Power supply in Block C cuts off multiple times a day,Low,Physics,4,staff,2026-06-26T12:29:53,In Progress,neutral,
HIST-00085,user_3539,False,Academic,Seminar Hall,Lab equipment is outdated and insufficient for practicals,Medium,Electronics,3,student,2026-04-13T09:15:05,Resolved,negative,Issue addressed and closed by department
HIST-00086,user_9980,False,Academic,Workshop,Timetable clashes are causing attendance issues,Low,Civil,1,student,2026-02-12T13:32:45,Submitted,neutral,
HIST-00087,user_2465,False,Canteen,Library,Vending machines in canteen are frequently out of stock,Low,Chemical,1,student,2025-10-20T09:41:59,Under Review,neutral,
HIST-00088,user_4395,False,Hostel,Auditorium,Common room TV has been broken for over a month,Medium,Electronics,1,student,2026-10-02T02:48:16,Submitted,negative,
HIST-00089,user_8348,False,Transport,Transport Area,Route 3 bus schedule has not been updated for months,Medium,Management,4,student,2025-11-27T12:08:38,Closed,neutral,Closed without further action required
HIST-00090,user_3606,False,Network/IT,Boys Hostel A,Internet not working properly in hostel during evening hours,Medium,Chemical,1,student,2026-09-18T22:10:03,Under Review,negative,
HIST-00091,user_2888,False,Transport,Transport Area,Route 3 bus skips stops without any prior notice,Low,Management,4,student,2026-09-04T07:29:18,Under Review,neutral,
HIST-00092,user_5272,False,Network/IT,Academic Block B,Library computers are very slow and outdated,Medium,Mathematics,2,student,2026-07-05T10:28:19,Closed,negative,Closed without further action required
HIST-00093,user_4725,False,Maintenance,Workshop,Paint is peeling off walls in the main corridor,High,Civil,3,student,2026-06-02T23:03:03,Resolved,negative,Resolved after escalation to concerned authority
HIST-00094,user_4920,False,Academic,Computer Science Department,The project guidelines for second year CS course are unclear,Medium,Computer Science,2,student,2025-12-16T22:37:49,Resolved,neutral,Issue addressed and closed by department
HIST-00095,user_1925,False,Network/IT,Workshop,Campus Wi-Fi password was changed without informing students,Medium,Physics,2,student,2026-03-08T14:03:28,Submitted,neutral,
HIST-00096,user_1396,False,Water/Sanitation,Girls Hostel B,Water leaking from pipes in hostel basement for over two weeks,High,Mathematics,4,faculty,2026-09-01T19:54:30,Resolved,negative,Issue resolved after maintenance team intervention
HIST-00097,user_1859,False,Electricity,Auditorium,Streetlights near the sports complex do not work at night,Medium,Computer Science,1,student,2025-11-28T23:29:25,Closed,neutral,Withdrawn by submitter
HIST-00098,user_4694,False,Electricity,Block C,The main electrical panel in Block C needs urgent maintenance,Low,Electronics,1,staff,2026-06-04T23:44:47,Resolved,neutral,Issue addressed and closed by department
HIST-00099,user_8842,False,Network/IT,Sports Complex,Student portal is unavailable on mobile browsers,Critical,Civil,1,student,2026-01-24T16:35:56,Closed,neutral,Issue closed after investigation found no violation
HIST-00100,user_1694,False,Infrastructure,Academic Block B,Parking area is insufficient and poorly organized,Critical,Mathematics,2,student,2026-09-16T09:40:53,In Progress,negative,
HIST-00101,user_1691,False,Academic,Computer Science Department,No feedback session was held for second year CS students this term,High,Computer Science,2,student,2026-04-05T06:00:09,In Progress,neutral,
HIST-00102,user_4588,False,Water/Sanitation,New Hostel Block,No water supply in the hostel from midnight to 6am,Low,Mathematics,3,faculty,2026-05-17T11:31:39,Under Review,negative,
HIST-00103,user_4811,False,Network/IT,Boys Hostel A,WiFi signal is weak and unstable in hostel,Low,Electronics,1,student,2026-09-25T17:50:25,Resolved,neutral,Issue resolved after maintenance team intervention
HIST-00104,user_3500,False,Electricity,Block C Classroom,We experience load shedding only in Block C every afternoon,Low,Mathematics,2,student,2026-10-01T11:07:25,Closed,neutral,Closed without further action required
HIST-00105,user_3255,True,Bullying,Hostel,Inappropriate behavior was noticed near the canteen area,High,Chemical,4,student,2026-09-12T19:55:42,Submitted,negative,
HIST-00106,user_9201,False,Water/Sanitation,Hostel C,Water pressure in hostel is too low to use showers,Low,Chemical,3,student,2025-10-21T14:36:59,Resolved,neutral,Corrective action taken and verified
HIST-00107,user_6234,False,Network/IT,Boys Hostel A,WiFi keeps disconnecting in my hostel room,Low,Civil,4,student,2026-07-30T19:22:41,Resolved,neutral,Issue resolved after maintenance team intervention
HIST-00108,user_6291,False,Academic,Computer Science Department,Year 2 CS students have excessive workload with overlapping assignments,Critical,Computer Science,2,student,2026-06-27T06:40:21,In Progress,neutral,
HIST-00109,user_7349,False,Water/Sanitation,Girls Hostel B,Drinking water supply in hostel corridor taps is inconsistent,Medium,Electronics,1,faculty,2026-02-10T19:10:02,Resolved,negative,Issue resolved after maintenance team intervention
HIST-00110,user_7484,False,Network/IT,Girls Hostel B,My hostel room has no WiFi signal after 7pm every day,Medium,Computer Science,3,student,2026-03-20T19:40:50,In Progress,neutral,
HIST-00111,user_1315,False,Canteen,Workshop,Canteen is too crowded during lunch break,Medium,Mechanical,1,faculty,2026-08-06T12:18:53,Submitted,negative,
HIST-00112,user_9359,False,Transport,Route 3 Stop,Students waiting for Route 3 bus are stranded for over an hour,Low,Civil,1,staff,2026-05-16T08:35:28,Submitted,negative,
HIST-00113,user_5745,False,Electricity,Auditorium,Streetlights near the sports complex do not work at night,Medium,Mechanical,4,student,2026-07-29T18:08:02,Submitted,neutral,
HIST-00114,user_9064,False,Canteen,Workshop,Canteen food prices have increased without any notice,Medium,Electronics,3,faculty,2026-06-15T07:07:20,Resolved,neutral,Problem fixed following department review
HIST-00115,user_1385,False,Network/IT,Boys Hostel A,Hostel network is almost unusable at night,Low,Computer Science,3,student,2025-10-28T18:58:36,Under Review,negative,
HIST-00116,user_7798,False,Electricity,Block C Classroom,We experience load shedding only in Block C every afternoon,High,Chemical,4,faculty,2025-11-13T00:56:15,Resolved,neutral,Issue addressed and closed by department
HIST-00117,user_2113,False,Electricity,Block C Lab,Lights keep flickering in Block C during lab sessions,Medium,Mathematics,1,student,2026-05-10T20:19:21,Submitted,neutral,
HIST-00118,user_1657,False,Network/IT,Hostel C,Cannot access internet from hostel room in the evening,Low,Electronics,2,student,2026-06-19T21:14:40,Under Review,neutral,
HIST-00119,user_4278,False,Water/Sanitation,Boys Hostel A,Hot water facility in hostel is non-functional during winter mornings,High,Mechanical,1,student,2026-03-30T17:48:07,In Progress,negative,
HIST-00120,user_1589,False,Network/IT,Hostel C,The internet bandwidth in hostel is severely throttled after sunset,Medium,Mathematics,2,student,2026-03-23T22:19:50,Resolved,neutral,Resolved after escalation to concerned authority
HIST-00121,user_4421,False,Transport,Workshop,College bus is not air-conditioned and it is very hot,Medium,Chemical,1,staff,2025-11-04T08:07:11,In Progress,neutral,
HIST-00122,user_4760,False,Network/IT,Girls Hostel B,The internet bandwidth in hostel is severely throttled after sunset,Medium,Management,4,student,2026-01-14T19:54:15,Resolved,neutral,Issue addressed and closed by department
HIST-00123,user_9052,False,Electricity,Block C Lab,Power supply in Block C cuts off multiple times a day,Medium,Physics,2,faculty,2026-05-07T12:42:22,In Progress,neutral,
HIST-00124,user_1117,False,Water/Sanitation,Boys Hostel A,Drinking water supply in hostel corridor taps is inconsistent,Medium,Management,2,student,2025-11-16T22:02:08,Resolved,negative,Issue resolved after maintenance team intervention
HIST-00125,user_6724,False,Network/IT,Boys Hostel A,WiFi signal is weak and unstable in hostel,Critical,Physics,2,staff,2026-09-20T18:56:41,Submitted,neutral,
HIST-00126,user_2320,False,Network/IT,Hostel C,"Network issues persist in hostel, reported multiple times",Low,Management,2,staff,2026-03-26T17:51:57,In Progress,neutral,
HIST-00127,user_7031,False,Infrastructure,Academic Block A,Pathway between departments is flooded after rain,Low,Computer Science,3,student,2026-01-18T10:50:41,Resolved,negative,Issue addressed and closed by department
HIST-00128,user_9341,False,Network/IT,Boys Hostel A,Very poor internet speed in Boys Hostel after 5pm,Critical,Civil,4,student,2026-02-10T21:36:08,Resolved,negative,Corrective action taken and verified
HIST-00129,user_3689,False,Electricity,Block C,Power supply in Block C cuts off multiple times a day,Medium,Mathematics,4,staff,2025-11-15T17:17:00,Under Review,neutral,
HIST-00130,user_7507,False,Water/Sanitation,Academic Block B,Water cooler on second floor of academic block is not working,Low,Computer Science,4,staff,2026-01-16T14:07:01,Resolved,negative,Corrective action taken and verified
HIST-00131,user_4486,False,Other,Admin Block,Campus events are not announced with sufficient advance notice,Critical,Mechanical,3,staff,2026-02-15T04:01:56,In Progress,neutral,
HIST-00132,user_3494,False,Library,Canteen,Library is too noisy to study in,Medium,Mathematics,4,student,2026-03-17T00:28:40,Submitted,neutral,
HIST-00133,user_9785,False,Water/Sanitation,New Hostel Block,Hostel water supply disrupted due to maintenance without prior notice,Low,Electronics,3,student,2026-06-18T22:55:02,Resolved,neutral,Corrective action taken and verified
HIST-00134,user_1120,False,Network/IT,Girls Hostel B,Internet not working properly in hostel during evening hours,Medium,Electronics,2,student,2026-02-28T22:09:45,Under Review,negative,
HIST-00135,user_5610,False,Library,Sports Complex,Library timings do not accommodate evening students,High,Mathematics,1,faculty,2026-04-27T04:28:20,Resolved,neutral,Resolved after escalation to concerned authority
HIST-00136,user_5352,False,Transport,Route 3 Stop,Route 3 bus is severely overcrowded every morning,Low,Physics,2,faculty,2025-10-26T22:16:09,Under Review,negative,
HIST-00137,user_7132,False,Academic,Computer Science Department,The syllabus for second year CS subjects was not updated this semester,High,Computer Science,2,student,2025-10-26T18:27:48,Under Review,neutral,
HIST-00138,user_9370,False,Network/IT,Boys Hostel A,My hostel room has no WiFi signal after 7pm every day,Medium,Mathematics,3,student,2025-11-30T22:59:30,In Progress,neutral,
HIST-00139,user_7363,False,Electricity,Academic Block A,Generator backup is slow during power outages,Medium,Mechanical,3,student,2026-08-13T06:38:11,Under Review,negative,
HIST-00140,user_3619,False,Transport,Main Gate Bus Stop,We missed exams because Route 3 bus was cancelled without notification,Medium,Mechanical,2,student,2026-06-04T18:21:00,Closed,negative,Issue closed after investigation found no violation
HIST-00141,user_4302,False,Network/IT,Seminar Hall,Student portal is unavailable on mobile browsers,Low,Civil,4,student,2026-04-27T11:32:22,Submitted,neutral,
HIST-00142,user_5198,False,Water/Sanitation,Hostel C,Water leaking from pipes in hostel basement for over two weeks,Low,Mechanical,3,faculty,2026-07-26T11:40:51,Resolved,negative,Problem fixed following department review
HIST-00143,user_6480,False,Transport,Sports Complex,Shuttle service between campus buildings has been discontinued,High,Computer Science,3,student,2026-05-23T05:07:47,Under Review,neutral,
HIST-00144,user_4207,False,Electricity,Block C Lab,Frequent power cuts in Block C classrooms are disrupting lectures,Low,Electronics,1,student,2025-11-17T03:09:49,Closed,neutral,Issue closed after investigation found no violation
HIST-00145,user_6358,True,Bullying,Not Applicable,A group of seniors is creating a hostile environment for juniors,Critical,Chemical,1,student,2025-12-08T06:20:42,Submitted,negative,
HIST-00146,user_5265,False,Transport,Transport Area,Route 3 bus skips stops without any prior notice,Low,Chemical,1,student,2026-05-30T14:12:58,Under Review,neutral,
HIST-00147,user_7432,False,Electricity,Block C Classroom,The main electrical panel in Block C needs urgent maintenance,Medium,Mathematics,4,student,2026-01-29T18:46:29,Under Review,neutral,
HIST-00148,user_2952,False,Academic,Auditorium,Exam hall was too crowded and uncomfortable,Medium,Chemical,3,student,2026-08-05T14:18:04,Under Review,negative,
HIST-00149,user_5675,False,Hostel,Auditorium,Hostel mess food quality has declined significantly,High,Mechanical,3,student,2026-02-02T05:36:57,Under Review,neutral,
HIST-00150,user_8399,False,Transport,Transport Area,Students waiting for Route 3 bus are stranded for over an hour,High,Electronics,2,student,2026-05-30T06:55:08,Closed,negative,Withdrawn by submitter
HIST-00151,user_1472,False,Academic,Computer Science Department,CS department year 2 lab slots keep changing without notice,Medium,Computer Science,2,student,2025-10-03T11:38:42,Submitted,neutral,
HIST-00152,user_8299,False,Electricity,Block C Classroom,Faulty wiring in Block C caused a short circuit last week,Medium,Chemical,3,student,2025-10-27T11:33:55,Closed,negative,Issue closed after investigation found no violation
HIST-00153,user_9385,False,Electricity,Block C Lab,The main electrical panel in Block C needs urgent maintenance,Medium,Mechanical,3,staff,2026-02-19T05:01:18,Resolved,neutral,Resolved after escalation to concerned authority
HIST-00154,user_7646,False,Water/Sanitation,Hostel C,Drinking water supply in hostel corridor taps is inconsistent,Low,Computer Science,1,staff,2026-09-25T04:01:47,Under Review,negative,
HIST-00155,user_4352,False,Network/IT,Hostel C,"Network issues persist in hostel, reported multiple times",High,Management,1,student,2026-07-30T21:52:23,Resolved,neutral,Corrective action taken and verified
HIST-00156,user_4028,False,Electricity,Not Applicable,Generator backup is slow during power outages,Medium,Computer Science,3,faculty,2026-09-05T07:17:43,Resolved,negative,Corrective action taken and verified
HIST-00157,user_2846,False,Electricity,Block C,We experience load shedding only in Block C every afternoon,Medium,Mathematics,2,student,2026-04-05T05:54:55,Submitted,neutral,
HIST-00158,user_1682,False,Library,Seminar Hall,New edition textbooks are not available in the library,Low,Computer Science,4,faculty,2026-07-20T19:58:21,In Progress,neutral,
HIST-00159,user_7348,False,Network/IT,Hostel C,Internet not working properly in hostel during evening hours,Low,Physics,1,student,2026-01-23T22:19:30,Resolved,negative,Issue addressed and closed by department
HIST-00160,user_2748,False,Electricity,Block C Classroom,The main electrical panel in Block C needs urgent maintenance,High,Chemical,2,student,2026-02-26T16:36:32,Under Review,neutral,
HIST-00161,user_4368,False,Transport,Transport Area,Bus driver on Route 3 drives rashly and it is very unsafe,Critical,Chemical,1,student,2026-06-03T00:03:54,Resolved,negative,Resolved after escalation to concerned authority
HIST-00162,user_4279,False,Transport,Route 3 Stop,We missed exams because Route 3 bus was cancelled without notification,High,Chemical,3,student,2026-08-12T19:12:13,Resolved,negative,Issue addressed and closed by department
HIST-00163,user_5892,False,Electricity,Block C Classroom,Power supply in Block C cuts off multiple times a day,Medium,Computer Science,1,student,2026-03-24T18:28:50,In Progress,neutral,
HIST-00164,user_4511,False,Water/Sanitation,Hostel D,Hostel water supply is completely cut off during weekends,Medium,Civil,4,student,2026-02-01T17:51:55,Submitted,negative,
HIST-00165,user_5970,True,Bullying,Near Library,Intimidation and threats were made during an event on campus,High,Physics,4,student,2026-07-17T22:18:36,Under Review,negative,
HIST-00166,user_6913,False,Network/IT,Hostel C,Hostel network is almost unusable at night,Medium,Chemical,2,student,2026-08-11T19:47:55,Resolved,negative,Resolved after escalation to concerned authority
HIST-00167,user_8598,False,Transport,Route 3 Stop,We missed exams because Route 3 bus was cancelled without notification,Medium,Computer Science,1,student,2026-09-08T14:03:46,Resolved,negative,Issue resolved after maintenance team intervention
HIST-00168,user_1890,False,Water/Sanitation,Girls Hostel B,Drinking water supply in hostel corridor taps is inconsistent,High,Mechanical,2,student,2025-11-22T06:16:58,Resolved,negative,Problem fixed following department review
HIST-00169,user_4765,False,Water/Sanitation,Hostel C,Hostel water supply is completely cut off during weekends,High,Physics,2,staff,2025-11-27T17:19:42,Resolved,negative,Problem fixed following department review
HIST-00170,user_5134,True,Bullying,Near Library,A group of seniors is creating a hostile environment for juniors,High,Management,4,student,2026-03-15T20:23:05,In Progress,negative,
HIST-00171,user_4552,False,Network/IT,Girls Hostel B,The internet bandwidth in hostel is severely throttled after sunset,Low,Physics,1,student,2026-01-17T21:18:01,Closed,neutral,Withdrawn by submitter
HIST-00172,user_9373,False,Water/Sanitation,Auditorium,Washrooms near the auditorium are not cleaned regularly,Medium,Electronics,1,staff,2026-04-17T11:22:41,Under Review,neutral,
HIST-00173,user_1390,False,Transport,Transport Area,Bus on Route 3 is always late by 30 to 45 minutes,Medium,Mechanical,3,faculty,2026-01-27T05:04:55,Submitted,negative,
HIST-00174,user_6077,False,Network/IT,Boys Hostel A,Hostel WiFi becomes very slow in the evening,Low,Computer Science,3,student,2026-04-03T21:41:28,Resolved,negative,Problem fixed following department review
HIST-00175,user_1202,False,Water/Sanitation,Main Building,Washrooms near the auditorium are not cleaned regularly,Medium,Management,1,student,2026-03-14T18:22:43,In Progress,neutral,
HIST-00176,user_4545,False,Transport,Academic Block B,Bus timings are not aligned with class schedules,Low,Civil,3,student,2026-05-09T14:15:02,Submitted,neutral,
HIST-00177,user_3964,False,Water/Sanitation,New Hostel Block,Drinking water supply in hostel corridor taps is inconsistent,High,Mathematics,3,student,2026-03-25T20:13:22,In Progress,negative,
HIST-00178,user_6471,False,Academic,Computer Science Department,Mid-semester exams clashed for second year CS department students,Low,Computer Science,2,student,2026-06-05T17:35:37,In Progress,neutral,
HIST-00179,user_4380,False,Electricity,Block C Classroom,Block C classroom fans and lights stop working randomly,High,Management,3,student,2026-04-15T16:29:08,Resolved,neutral,Issue resolved after maintenance team intervention
HIST-00180,user_9185,False,Water/Sanitation,Boys Hostel A,Water pressure in hostel is too low to use showers,Medium,Physics,3,student,2026-02-22T13:49:30,Submitted,neutral,
HIST-00181,user_7366,False,Network/IT,Boys Hostel A,Internet not working properly in hostel during evening hours,Low,Physics,1,faculty,2026-04-05T20:49:23,Submitted,negative,
HIST-00182,user_6363,False,Electricity,Academic Block A,Power outlets in the library are insufficient,Low,Computer Science,4,faculty,2026-04-03T07:13:42,Under Review,negative,
HIST-00183,user_8501,False,Network/IT,Hostel C,"Network issues persist in hostel, reported multiple times",Low,Mathematics,2,staff,2026-02-03T19:47:44,Under Review,neutral,
HIST-00184,user_7402,True,Harassment,Campus Common Area,Some individuals are targeting students from a specific background,Low,Physics,4,student,2026-07-14T09:00:34,Resolved,negative,Corrective action taken and verified
HIST-00185,user_3707,False,Library,Library,New edition textbooks are not available in the library,High,Chemical,3,student,2026-08-18T09:48:48,Submitted,neutral,
HIST-00186,user_9055,False,Water/Sanitation,Girls Hostel B,Water pressure in hostel is too low to use showers,Low,Electronics,3,student,2026-01-03T03:35:52,Closed,neutral,Closed without further action required
HIST-00187,user_8867,False,Electricity,Block C,Lights keep flickering in Block C during lab sessions,Low,Chemical,1,student,2025-12-30T02:22:18,Under Review,neutral,
HIST-00188,user_5675,False,Canteen,Canteen,Vending machines in canteen are frequently out of stock,Low,Mechanical,1,student,2026-07-30T18:20:54,In Progress,neutral,
HIST-00189,user_5071,False,Water/Sanitation,New Hostel Block,The overhead water tank in hostel is not being filled regularly,High,Civil,1,student,2026-05-12T08:41:19,In Progress,neutral,
HIST-00190,user_2272,False,Academic,Computer Science Department,Internal assessment marks for second year CS batch were not uploaded,Low,Computer Science,2,student,2026-06-02T12:43:47,Submitted,neutral,
HIST-00191,user_2757,False,Network/IT,Girls Hostel B,Internet not working properly in hostel during evening hours,Medium,Physics,2,faculty,2026-08-09T21:08:55,In Progress,negative,
HIST-00192,user_1004,False,Water/Sanitation,Hostel D,Hostel water supply is completely cut off during weekends,Medium,Computer Science,2,student,2026-08-05T21:23:42,In Progress,negative,
HIST-00193,user_1511,False,Hostel,Auditorium,Common room TV has been broken for over a month,Medium,Chemical,3,student,2026-03-08T07:17:39,Under Review,negative,
HIST-00194,user_1819,False,Academic,Library,Attendance records show errors in the portal,Medium,Computer Science,3,student,2026-02-05T17:41:48,Closed,negative,Issue closed after investigation found no violation
HIST-00195,user_1183,True,Bullying,Campus Common Area,Inappropriate behavior was noticed near the canteen area,Critical,Chemical,3,student,2026-08-02T19:50:42,In Progress,negative,
HIST-00196,user_5493,False,Academic,Computer Science Department,No feedback session was held for second year CS students this term,High,Computer Science,2,student,2025-11-13T13:42:30,Resolved,neutral,Problem fixed following department review
HIST-00197,user_1000,True,Harassment,Canteen,Verbal harassment occurred in a common area on campus,Critical,Civil,2,student,2025-12-17T19:17:50,Submitted,negative,
HIST-00198,user_5971,False,Network/IT,Girls Hostel B,WiFi keeps disconnecting in my hostel room,Low,Management,2,student,2025-10-22T19:24:55,Submitted,neutral,
HIST-00199,user_8291,False,Network/IT,Academic Block A,Printing facility in computer lab has been non-functional for a week,Critical,Management,2,student,2025-10-04T22:42:57,Resolved,negative,Resolved after escalation to concerned authority
HIST-00200,user_7249,True,Harassment,Campus Common Area,Inappropriate behavior was noticed near the canteen area,High,Mechanical,1,student,2026-03-07T20:46:21,Under Review,negative,
HIST-00201,user_3613,False,Canteen,Sports Complex,Vending machines in canteen are frequently out of stock,Medium,Computer Science,3,student,2025-10-25T23:48:31,In Progress,neutral,
HIST-00202,user_2593,False,Maintenance,Canteen,Paint is peeling off walls in the main corridor,Medium,Mechanical,2,student,2026-01-23T17:38:15,Resolved,negative,Resolved after escalation to concerned authority
HIST-00203,user_1877,False,Other,Seminar Hall,Campus events are not announced with sufficient advance notice,High,Computer Science,2,student,2025-11-02T08:49:54,Submitted,neutral,
HIST-00204,user_7030,False,Academic,Computer Science Department,The project guidelines for second year CS course are unclear,Medium,Computer Science,2,student,2026-04-23T03:45:47,Under Review,neutral,
HIST-00205,user_4527,False,Water/Sanitation,New Hostel Block,The overhead water tank in hostel is not being filled regularly,Medium,Management,2,student,2025-12-01T12:10:05,Resolved,neutral,Issue resolved after maintenance team intervention
HIST-00206,user_4125,False,Transport,Main Gate Bus Stop,Route 3 bus is severely overcrowded every morning,Medium,Management,2,student,2026-07-14T03:24:22,Resolved,negative,Resolved after escalation to concerned authority
HIST-00207,user_7933,False,Network/IT,Girls Hostel B,Hostel WiFi becomes very slow in the evening,Low,Electronics,4,faculty,2025-11-17T18:13:51,Under Review,negative,
HIST-00208,user_7108,False,Network/IT,Girls Hostel B,Very poor internet speed in Boys Hostel after 5pm,Medium,Mechanical,3,student,2026-02-05T21:38:05,In Progress,negative,
HIST-00209,user_2246,False,Infrastructure,Library,Benches in the main auditorium are broken,Medium,Mechanical,4,student,2025-12-23T03:41:39,Under Review,negative,
HIST-00210,user_5587,False,Water/Sanitation,Hostel C,Sanitation in hostel is poor due to water shortage,Low,Management,1,student,2026-06-15T10:40:31,Resolved,negative,Issue addressed and closed by department
HIST-00211,user_7840,False,Water/Sanitation,Academic Block A,Drainage in the main corridor gets clogged after rain,Medium,Computer Science,2,staff,2025-12-10T21:07:57,In Progress,negative,
HIST-00212,user_1366,False,Network/IT,Boys Hostel A,My hostel room has no WiFi signal after 7pm every day,Low,Management,3,student,2026-06-07T22:59:39,Under Review,neutral,
HIST-00213,user_5873,False,Network/IT,Hostel C,My hostel room has no WiFi signal after 7pm every day,Medium,Mechanical,1,staff,2026-04-24T18:15:12,In Progress,neutral,
HIST-00214,user_1573,False,Water/Sanitation,Girls Hostel B,The overhead water tank in hostel is not being filled regularly,Medium,Electronics,1,student,2026-01-29T01:50:38,Submitted,neutral,
HIST-00215,user_2967,False,Hostel,Academic Block B,Hostel mess food quality has declined significantly,Critical,Mathematics,4,faculty,2026-01-23T15:24:03,Resolved,neutral,Corrective action taken and verified
HIST-00216,user_5948,False,Water/Sanitation,New Hostel Block,No water supply in the hostel from midnight to 6am,Low,Management,1,student,2026-08-02T14:45:48,Submitted,negative,
HIST-00217,user_3323,False,Network/IT,Hostel C,Internet speed drops drastically at night in hostel,Medium,Mathematics,2,staff,2026-08-28T21:43:50,Closed,neutral,Closed without further action required
HIST-00218,user_5304,False,Network/IT,Girls Hostel B,My hostel room has no WiFi signal after 7pm every day,High,Physics,2,student,2026-08-14T18:51:03,Resolved,neutral,Problem fixed following department review
HIST-00219,user_8486,False,Canteen,Academic Block B,Canteen is too crowded during lunch break,Critical,Mechanical,3,student,2026-02-26T11:34:40,In Progress,negative,
HIST-00220,user_4353,False,Library,Auditorium,Some reference books are always checked out and unavailable,Medium,Computer Science,4,student,2026-02-04T21:24:01,Resolved,neutral,Problem fixed following department review
HIST-00221,user_2971,False,Academic,Computer Science Department,The syllabus for second year CS subjects was not updated this semester,Medium,Computer Science,2,student,2026-03-10T09:10:26,In Progress,neutral,
HIST-00222,user_1497,False,Water/Sanitation,Hostel C,No water supply in the hostel from midnight to 6am,High,Electronics,4,student,2026-08-23T02:36:26,Submitted,negative,
HIST-00223,user_8807,False,Transport,Admin Block,Shuttle service between campus buildings has been discontinued,Medium,Electronics,2,faculty,2025-11-20T00:25:51,Under Review,neutral,
HIST-00224,user_3860,False,Network/IT,Girls Hostel B,Internet speed drops drastically at night in hostel,High,Civil,4,student,2026-02-10T17:31:54,Resolved,neutral,Resolved after escalation to concerned authority
HIST-00225,user_1235,False,Infrastructure,Academic Block B,Roof of the old building is leaking during rains,High,Chemical,4,faculty,2026-05-30T08:53:42,In Progress,negative,
HIST-00226,user_2844,False,Network/IT,Hostel C,Internet speed drops drastically at night in hostel,Medium,Management,2,student,2026-02-06T18:29:20,Resolved,neutral,Resolved after escalation to concerned authority
HIST-00227,user_2410,False,Network/IT,Boys Hostel A,WiFi signal is weak and unstable in hostel,Medium,Computer Science,2,student,2026-05-09T19:05:15,Submitted,neutral,
HIST-00228,user_4847,False,Electricity,Block C Classroom,The electricity in Block C Lab trips without warning,High,Civil,4,student,2026-04-12T07:00:56,In Progress,neutral,
HIST-00229,user_8458,False,Academic,Computer Science Department,The syllabus for second year CS subjects was not updated this semester,High,Computer Science,2,student,2026-08-02T10:47:07,Resolved,neutral,Issue addressed and closed by department
HIST-00230,user_5475,False,Network/IT,Girls Hostel B,Internet speed drops drastically at night in hostel,Critical,Mechanical,2,faculty,2026-07-10T22:25:54,Under Review,neutral,
HIST-00231,user_5424,False,Electricity,Block C,Block C classroom fans and lights stop working randomly,Low,Physics,4,student,2026-02-28T13:19:43,Resolved,neutral,Resolved after escalation to concerned authority
HIST-00232,user_1369,False,Transport,Transport Area,Route 3 has too few buses for the number of students,Medium,Computer Science,3,student,2025-11-29T18:44:51,Submitted,neutral,
HIST-00233,user_8859,False,Network/IT,Girls Hostel B,The internet bandwidth in hostel is severely throttled after sunset,High,Electronics,1,student,2026-07-26T18:17:28,Under Review,neutral,
HIST-00234,user_2036,True,Harassment,Campus Common Area,Inappropriate behavior was noticed near the canteen area,Medium,Civil,2,student,2025-11-02T01:06:24,Resolved,negative,Issue addressed and closed by department
HIST-00235,user_3511,False,Water/Sanitation,Workshop,Drainage in the main corridor gets clogged after rain,Medium,Computer Science,1,student,2026-08-20T23:44:10,Submitted,negative,
HIST-00236,user_4530,False,Hostel,Academic Block A,Hostel mess food quality has declined significantly,Critical,Computer Science,2,student,2026-04-02T12:02:19,Resolved,neutral,Problem fixed following department review
HIST-00237,user_2067,False,Network/IT,Hostel C,Internet speed drops drastically at night in hostel,High,Electronics,4,student,2026-01-18T22:59:56,In Progress,neutral,
HIST-00238,user_7513,False,Maintenance,Seminar Hall,Door handles in classrooms are broken,Medium,Electronics,4,staff,2026-02-05T21:58:10,Submitted,negative,
HIST-00239,user_7183,False,Water/Sanitation,Girls Hostel B,No water supply in the hostel from midnight to 6am,Medium,Mechanical,2,student,2026-08-31T23:27:55,Closed,negative,Withdrawn by submitter
HIST-00240,user_1489,False,Network/IT,Girls Hostel B,Hostel network is almost unusable at night,Medium,Chemical,4,faculty,2025-10-16T20:05:20,Resolved,negative,Issue addressed and closed by department
HIST-00241,user_1608,False,Network/IT,Library,Printing facility in computer lab has been non-functional for a week,Low,Management,4,student,2026-09-10T02:02:52,Under Review,negative,
HIST-00242,user_9149,False,Network/IT,Girls Hostel B,Internet speed drops drastically at night in hostel,Low,Management,1,student,2026-03-28T18:51:29,Resolved,neutral,Issue resolved after maintenance team intervention
HIST-00243,user_8085,False,Network/IT,Hostel C,Network connectivity in hostel is extremely poor after 6pm,Medium,Mathematics,1,student,2026-03-24T19:48:17,Resolved,negative,Corrective action taken and verified
HIST-00244,user_8630,False,Network/IT,Girls Hostel B,Very poor internet speed in Boys Hostel after 5pm,Medium,Management,1,student,2026-06-10T17:03:25,Submitted,negative,
HIST-00245,user_7757,False,Water/Sanitation,Library,Washrooms near the auditorium are not cleaned regularly,Medium,Mechanical,1,student,2026-04-24T23:15:37,Resolved,neutral,Corrective action taken and verified
HIST-00246,user_3867,False,Water/Sanitation,New Hostel Block,No water supply in the hostel from midnight to 6am,Medium,Civil,1,faculty,2025-11-05T05:44:24,Resolved,negative,Issue resolved after maintenance team intervention
HIST-00247,user_1217,False,Academic,Computer Science Department,Year 2 CS students have excessive workload with overlapping assignments,High,Computer Science,2,student,2026-04-12T20:19:36,Resolved,neutral,Issue resolved after maintenance team intervention
HIST-00248,user_1721,False,Transport,Main Gate Bus Stop,The college bus on Route 3 frequently breaks down,Medium,Management,4,student,2025-12-13T20:15:31,In Progress,neutral,
HIST-00249,user_2032,False,Water/Sanitation,Hostel C,Drinking water supply in hostel corridor taps is inconsistent,Medium,Chemical,1,student,2026-02-25T05:03:51,Submitted,negative,
HIST-00250,user_5601,False,Transport,Sports Complex,Shuttle service between campus buildings has been discontinued,High,Mathematics,2,faculty,2025-11-09T12:12:24,In Progress,neutral,
HIST-00251,user_5613,False,Library,Auditorium,Library is too noisy to study in,Medium,Management,2,student,2026-04-12T07:32:51,Submitted,neutral,
HIST-00252,user_8850,False,Transport,Main Gate Bus Stop,Route 3 bus is severely overcrowded every morning,Medium,Chemical,2,student,2026-01-02T18:51:28,Under Review,negative,
HIST-00253,user_4321,False,Maintenance,Seminar Hall,Air conditioning in department seminar hall is not working,Low,Mechanical,2,student,2025-10-12T20:59:26,Resolved,negative,Issue resolved after maintenance team intervention
HIST-00254,user_5379,False,Transport,Transport Area,The college bus on Route 3 frequently breaks down,Low,Physics,1,staff,2026-03-12T02:24:36,In Progress,neutral,
HIST-00255,user_1399,False,Electricity,Block C Classroom,Frequent power cuts in Block C classrooms are disrupting lectures,Low,Mechanical,1,staff,2026-08-30T14:01:20,In Progress,neutral,
HIST-00256,user_5455,False,Canteen,Seminar Hall,Canteen food prices have increased without any notice,High,Computer Science,3,student,2026-02-07T06:53:08,Closed,neutral,Issue closed after investigation found no violation
HIST-00257,user_4081,False,Electricity,Block C Lab,Block C classroom fans and lights stop working randomly,Medium,Chemical,2,student,2026-07-20T20:58:59,Submitted,neutral,
HIST-00258,user_4847,False,Electricity,Block C Classroom,Faulty wiring in Block C caused a short circuit last week,Low,Chemical,4,faculty,2026-05-04T08:25:31,Submitted,negative,
HIST-00259,user_8339,False,Academic,Computer Science Department,Mid-semester exams clashed for second year CS department students,Medium,Computer Science,2,student,2026-05-06T22:35:50,Closed,neutral,Closed without further action required
HIST-00260,user_1031,False,Library,Workshop,Some reference books are always checked out and unavailable,Low,Computer Science,1,student,2025-10-10T17:38:49,Submitted,neutral,
HIST-00261,user_1722,False,Network/IT,Hostel C,Hostel network is almost unusable at night,High,Management,1,student,2026-01-01T22:43:58,In Progress,negative,
HIST-00262,user_8132,False,Water/Sanitation,New Hostel Block,Sanitation in hostel is poor due to water shortage,Medium,Management,4,student,2025-12-02T09:29:04,Submitted,negative,
HIST-00263,user_9004,False,Academic,Computer Science Department,No feedback session was held for second year CS students this term,Medium,Computer Science,2,student,2025-10-18T08:01:03,Submitted,neutral,
HIST-00264,user_4793,False,Maintenance,Not Applicable,Door handles in classrooms are broken,Medium,Civil,3,student,2026-09-28T01:01:28,Submitted,negative,
HIST-00265,user_1774,False,Electricity,Block C Classroom,The main electrical panel in Block C needs urgent maintenance,Medium,Mechanical,1,staff,2025-12-08T19:54:34,Resolved,neutral,Resolved after escalation to concerned authority
HIST-00266,user_5694,False,Network/IT,Boys Hostel A,WiFi keeps disconnecting in my hostel room,High,Civil,4,student,2026-06-05T19:40:26,Resolved,neutral,Issue addressed and closed by department
HIST-00267,user_6964,False,Network/IT,Auditorium,Printing facility in computer lab has been non-functional for a week,Medium,Mechanical,3,faculty,2026-02-12T08:14:26,Under Review,negative,
HIST-00268,user_2448,False,Water/Sanitation,Hostel D,Hostel water supply is completely cut off during weekends,Medium,Management,4,student,2026-09-16T13:09:18,Resolved,negative,Problem fixed following department review
HIST-00269,user_7017,False,Electricity,Block C Lab,The main electrical panel in Block C needs urgent maintenance,Low,Computer Science,1,student,2026-04-22T13:05:32,Resolved,neutral,Issue resolved after maintenance team intervention
HIST-00270,user_8475,False,Electricity,Block C,Electrical wiring in Block C looks damaged and poses a safety hazard,Medium,Chemical,1,student,2025-10-18T04:50:02,Resolved,negative,Problem fixed following department review
HIST-00271,user_8741,False,Transport,Route 3 Stop,Route 3 bus skips stops without any prior notice,Critical,Physics,1,student,2026-08-11T17:25:51,Resolved,neutral,Issue addressed and closed by department
HIST-00272,user_9922,True,Bullying,Canteen,Verbal harassment occurred in a common area on campus,High,Chemical,2,student,2026-07-03T17:37:36,Submitted,negative,
HIST-00273,user_3685,False,Network/IT,Boys Hostel A,Internet not working properly in hostel during evening hours,High,Computer Science,2,student,2026-06-17T19:39:20,Resolved,negative,Issue resolved after maintenance team intervention
HIST-00274,user_7115,False,Transport,Main Gate Bus Stop,Students waiting for Route 3 bus are stranded for over an hour,Medium,Mathematics,3,student,2025-10-28T01:48:31,Resolved,negative,Issue resolved after maintenance team intervention
HIST-00275,user_7082,False,Network/IT,Hostel C,Very poor internet speed in Boys Hostel after 5pm,Critical,Electronics,2,student,2026-05-31T21:20:58,Under Review,negative,
HIST-00276,user_9859,True,Harassment,Near Library,A group of seniors is creating a hostile environment for juniors,Medium,Physics,3,student,2026-06-28T08:56:49,In Progress,negative,
HIST-00277,user_3387,False,Other,Main Building,Student ID card issuance is taking too long,Critical,Chemical,4,student,2026-08-19T17:50:12,In Progress,neutral,
HIST-00278,user_6254,False,Academic,Computer Science Department,Mid-semester exams clashed for second year CS department students,Low,Computer Science,2,student,2026-06-16T21:25:48,Under Review,neutral,
HIST-00279,user_6681,False,Academic,Computer Science Department,Mid-semester exams clashed for second year CS department students,Medium,Computer Science,2,student,2025-10-12T00:28:34,Submitted,neutral,
HIST-00280,user_7668,False,Water/Sanitation,New Hostel Block,Water pressure in hostel is too low to use showers,High,Chemical,2,student,2026-02-22T10:50:13,Submitted,neutral,
HIST-00281,user_3850,False,Transport,Admin Block,College bus is not air-conditioned and it is very hot,Medium,Mechanical,2,faculty,2025-12-24T11:52:55,Closed,neutral,Closed without further action required
HIST-00282,user_7582,False,Other,Main Building,Campus events are not announced with sufficient advance notice,Low,Mathematics,4,faculty,2026-02-18T14:58:53,In Progress,neutral,
HIST-00283,user_7096,False,Academic,Sports Complex,Timetable clashes are causing attendance issues,Medium,Electronics,2,staff,2026-01-29T15:15:23,In Progress,neutral,
HIST-00284,user_8659,False,Transport,Transport Area,We missed exams because Route 3 bus was cancelled without notification,Critical,Management,2,student,2026-08-10T07:00:34,Submitted,negative,
HIST-00285,user_6692,False,Water/Sanitation,Hostel C,Hostel bathrooms have intermittent water availability,Medium,Management,2,staff,2026-02-20T15:56:51,Resolved,neutral,Problem fixed following department review
HIST-00286,user_5791,False,Academic,Computer Science Department,Second year CS students are not getting study materials on time,Low,Computer Science,2,student,2026-02-23T13:41:26,In Progress,neutral,
HIST-00287,user_3418,False,Electricity,Block C Lab,Electrical wiring in Block C looks damaged and poses a safety hazard,High,Electronics,2,faculty,2025-10-03T16:30:03,Submitted,negative,
HIST-00288,user_9102,False,Electricity,Block C,The electricity in Block C Lab trips without warning,Low,Mechanical,3,student,2026-08-15T23:08:02,In Progress,neutral,
HIST-00289,user_9884,False,Network/IT,Boys Hostel A,The internet bandwidth in hostel is severely throttled after sunset,Medium,Electronics,1,faculty,2026-03-11T18:53:40,In Progress,neutral,
HIST-00290,user_7681,True,Bullying,Near Library,Some individuals are targeting students from a specific background,High,Management,1,student,2026-02-09T02:31:41,Under Review,negative,
HIST-00291,user_6903,False,Infrastructure,Seminar Hall,Roof of the old building is leaking during rains,Medium,Mathematics,1,staff,2026-05-25T10:58:07,In Progress,negative,
HIST-00292,user_8073,False,Network/IT,Boys Hostel A,Cannot access internet from hostel room in the evening,Medium,Electronics,1,student,2026-07-08T22:30:33,In Progress,neutral,
HIST-00293,user_2416,False,Infrastructure,Library,Pathway between departments is flooded after rain,High,Computer Science,2,student,2025-11-05T12:17:50,Under Review,negative,
HIST-00294,user_5148,False,Transport,Route 3 Stop,Bus driver on Route 3 drives rashly and it is very unsafe,Medium,Physics,1,student,2026-05-04T06:36:37,Resolved,negative,Problem fixed following department review
HIST-00295,user_3255,False,Library,Auditorium,New edition textbooks are not available in the library,Critical,Chemical,2,student,2025-11-21T05:16:48,Submitted,neutral,
HIST-00296,user_6452,False,Water/Sanitation,Sports Complex,Washrooms near the auditorium are not cleaned regularly,Medium,Civil,3,student,2025-11-01T21:47:21,Submitted,neutral,
HIST-00297,user_6876,False,Hostel,Library,Hostel rooms have insufficient lighting,Low,Electronics,4,student,2026-07-05T10:09:07,Closed,negative,Closed without further action required
HIST-00298,user_8644,False,Maintenance,Library,Door handles in classrooms are broken,Low,Physics,2,student,2026-06-11T11:55:41,Resolved,negative,Issue addressed and closed by department
HIST-00299,user_8385,False,Network/IT,Boys Hostel A,Network connectivity in hostel is extremely poor after 6pm,Low,Chemical,3,student,2026-04-02T22:19:44,Under Review,negative,
HIST-00300,user_9834,False,Academic,Computer Science Department,The syllabus for second year CS subjects was not updated this semester,Medium,Computer Science,2,student,2026-02-25T02:46:43,In Progress,neutral,
HIST-00301,user_3691,False,Network/IT,Canteen,Library computers are very slow and outdated,Medium,Mechanical,2,student,2026-07-14T05:35:09,In Progress,negative,
HIST-00302,user_1700,False,Electricity,Block C Lab,We experience load shedding only in Block C every afternoon,High,Computer Science,2,student,2026-06-06T15:21:37,Under Review,neutral,
HIST-00303,user_6627,False,Transport,Academic Block A,Bus driver is rude to students,Low,Management,3,staff,2026-08-13T13:00:48,Under Review,negative,
HIST-00304,user_9296,False,Network/IT,Hostel C,Very poor internet speed in Boys Hostel after 5pm,Critical,Computer Science,3,student,2026-07-02T19:58:21,Resolved,negative,Corrective action taken and verified
HIST-00305,user_3376,False,Network/IT,Hostel C,Very poor internet speed in Boys Hostel after 5pm,Low,Management,2,staff,2025-10-13T20:37:36,Resolved,negative,Issue addressed and closed by department
HIST-00306,user_6597,False,Transport,Transport Area,We missed exams because Route 3 bus was cancelled without notification,High,Mechanical,3,staff,2025-10-29T17:21:03,In Progress,negative,
HIST-00307,user_9850,False,Network/IT,Hostel C,Hostel WiFi becomes very slow in the evening,High,Chemical,3,student,2025-12-03T20:00:46,Resolved,negative,Resolved after escalation to concerned authority
HIST-00308,user_3612,False,Transport,Main Gate Bus Stop,Route 3 has too few buses for the number of students,Medium,Computer Science,3,student,2026-09-10T06:54:26,Submitted,neutral,
HIST-00309,user_3285,False,Network/IT,Girls Hostel B,Very poor internet speed in Boys Hostel after 5pm,Critical,Physics,1,student,2025-12-27T21:47:33,Resolved,negative,Corrective action taken and verified
HIST-00310,user_4372,False,Academic,Computer Science Department,Year 2 CS students have excessive workload with overlapping assignments,Low,Computer Science,2,student,2026-04-01T21:27:51,Resolved,neutral,Issue addressed and closed by department
HIST-00311,user_7493,True,Bullying,Hostel,There is ongoing bullying in the hostel common room,High,Management,1,student,2025-12-06T17:09:16,Submitted,negative,
HIST-00312,user_2339,False,Electricity,Academic Block B,Electrical board near the canteen looks dangerous,Medium,Mathematics,3,student,2026-09-01T03:53:18,In Progress,negative,
HIST-00313,user_7864,False,Transport,Transport Area,Route 3 bus schedule has not been updated for months,Medium,Mechanical,1,staff,2025-10-11T06:50:08,In Progress,neutral,
HIST-00314,user_2833,False,Transport,Admin Block,Shuttle service between campus buildings has been discontinued,Medium,Chemical,1,faculty,2025-11-29T04:14:39,Under Review,neutral,
HIST-00315,user_9214,False,Library,Not Applicable,Some reference books are always checked out and unavailable,Low,Chemical,3,student,2025-10-26T07:17:17,Resolved,neutral,Resolved after escalation to concerned authority
HIST-00316,user_9912,False,Water/Sanitation,Hostel C,Sanitation in hostel is poor due to water shortage,Low,Chemical,3,student,2025-10-11T21:27:54,Submitted,negative,
HIST-00317,user_1687,False,Electricity,Block C Lab,Power supply in Block C cuts off multiple times a day,Low,Physics,4,faculty,2026-08-17T12:59:51,Resolved,neutral,Corrective action taken and verified
HIST-00318,user_9512,False,Water/Sanitation,Auditorium,Water cooler on second floor of academic block is not working,Low,Physics,3,student,2025-11-26T00:48:20,Submitted,negative,
HIST-00319,user_2700,True,Harassment,Hostel,Verbal harassment occurred in a common area on campus,Medium,Management,4,student,2026-03-30T20:43:11,Submitted,negative,
HIST-00320,user_1066,False,Water/Sanitation,Girls Hostel B,Hostel bathrooms have intermittent water availability,Medium,Electronics,3,student,2026-08-14T14:15:35,Closed,neutral,Withdrawn by submitter
HIST-00321,user_5173,True,Bullying,Near Library,There is ongoing bullying in the hostel common room,High,Mechanical,1,student,2026-03-04T12:43:29,Submitted,negative,
HIST-00322,user_3698,False,Network/IT,Hostel C,Very poor internet speed in Boys Hostel after 5pm,Low,Mathematics,1,student,2026-06-23T21:22:08,In Progress,negative,
HIST-00323,user_4715,False,Infrastructure,Auditorium,Benches in the main auditorium are broken,Low,Civil,4,student,2026-04-26T08:26:36,Resolved,negative,Corrective action taken and verified
HIST-00324,user_6486,False,Network/IT,Girls Hostel B,Very poor internet speed in Boys Hostel after 5pm,High,Physics,4,student,2026-09-07T21:08:41,Closed,negative,Withdrawn by submitter
HIST-00325,user_9014,False,Electricity,Block C,Power supply in Block C cuts off multiple times a day,Medium,Civil,1,faculty,2026-03-08T15:01:52,Resolved,neutral,Issue addressed and closed by department
HIST-00326,user_2915,True,Bullying,Not Applicable,There is ongoing bullying in the hostel common room,Medium,Mathematics,2,student,2025-11-12T09:48:50,Under Review,negative,
HIST-00327,user_6332,False,Transport,Auditorium,College bus is not air-conditioned and it is very hot,Medium,Mechanical,3,faculty,2025-10-31T09:16:04,Resolved,neutral,Issue resolved after maintenance team intervention
HIST-00328,user_7116,False,Water/Sanitation,Hostel C,Hostel bathrooms have intermittent water availability,Medium,Electronics,4,staff,2026-03-05T19:53:26,Resolved,neutral,Issue resolved after maintenance team intervention
HIST-00329,user_9985,False,Water/Sanitation,Hostel C,Hot water facility in hostel is non-functional during winter mornings,Medium,Mechanical,2,student,2026-01-11T09:34:36,Resolved,negative,Issue addressed and closed by department
HIST-00330,user_7471,False,Electricity,Block C Lab,Lights keep flickering in Block C during lab sessions,Low,Management,2,staff,2026-01-20T16:47:51,Closed,neutral,Closed without further action required
HIST-00331,user_9570,False,Network/IT,Hostel C,The internet bandwidth in hostel is severely throttled after sunset,Medium,Physics,3,staff,2026-08-11T18:18:02,Submitted,neutral,
HIST-00332,user_7435,False,Academic,Computer Science Department,Internal assessment marks for second year CS batch were not uploaded,Low,Computer Science,2,student,2026-05-09T08:51:41,Resolved,neutral,Issue addressed and closed by department
HIST-00333,user_4589,False,Transport,Main Gate Bus Stop,Route 3 has too few buses for the number of students,Critical,Electronics,2,faculty,2026-09-28T08:14:08,Resolved,neutral,Issue addressed and closed by department
HIST-00334,user_6752,False,Academic,Computer Science Department,Internal assessment marks for second year CS batch were not uploaded,Medium,Computer Science,2,student,2025-11-19T18:34:54,Resolved,neutral,Corrective action taken and verified
HIST-00335,user_7684,False,Electricity,Block C,Power supply in Block C cuts off multiple times a day,Medium,Management,1,faculty,2026-03-25T07:32:15,In Progress,neutral,
HIST-00336,user_2743,False,Network/IT,Boys Hostel A,Network connectivity in hostel is extremely poor after 6pm,Low,Management,2,faculty,2026-03-25T21:00:57,Resolved,negative,Resolved after escalation to concerned authority
HIST-00337,user_4699,False,Network/IT,Girls Hostel B,"Network issues persist in hostel, reported multiple times",High,Physics,3,student,2025-11-25T21:31:05,Under Review,neutral,
HIST-00338,user_8432,False,Transport,Transport Area,Students waiting for Route 3 bus are stranded for over an hour,Medium,Computer Science,1,student,2026-06-17T03:59:51,Resolved,negative,Corrective action taken and verified
HIST-00339,user_3551,False,Network/IT,Boys Hostel A,WiFi keeps disconnecting in my hostel room,Medium,Management,3,student,2025-12-23T22:17:44,Closed,neutral,Issue closed after investigation found no violation
HIST-00340,user_4085,False,Electricity,Canteen,Electrical board near the canteen looks dangerous,Critical,Civil,3,student,2025-11-05T10:55:17,In Progress,negative,
HIST-00341,user_1009,False,Hostel,Main Building,Hostel rooms have insufficient lighting,High,Civil,4,student,2025-10-09T17:13:01,Closed,negative,Withdrawn by submitter
HIST-00342,user_9265,False,Network/IT,Hostel C,Very poor internet speed in Boys Hostel after 5pm,Medium,Management,4,student,2025-10-27T19:01:37,Resolved,negative,Problem fixed following department review
HIST-00343,user_2766,False,Electricity,Block C Classroom,Lights keep flickering in Block C during lab sessions,High,Civil,4,student,2026-06-28T19:11:35,Resolved,neutral,Corrective action taken and verified
HIST-00344,user_9113,False,Other,Not Applicable,Campus events are not announced with sufficient advance notice,Low,Electronics,1,faculty,2025-11-06T12:02:49,Resolved,neutral,Issue resolved after maintenance team intervention
HIST-00345,user_3365,False,Network/IT,Hostel C,Internet speed drops drastically at night in hostel,Critical,Chemical,4,student,2026-05-06T18:12:26,Resolved,neutral,Corrective action taken and verified
HIST-00346,user_2183,False,Electricity,Block C Lab,Faulty wiring in Block C caused a short circuit last week,Medium,Mechanical,4,faculty,2026-06-11T19:21:34,Resolved,negative,Resolved after escalation to concerned authority
HIST-00347,user_6022,False,Academic,Computer Science Department,Mid-semester exams clashed for second year CS department students,Medium,Computer Science,2,student,2026-09-12T10:17:25,In Progress,neutral,
HIST-00348,user_4962,False,Electricity,Block C Classroom,Lights keep flickering in Block C during lab sessions,High,Electronics,3,faculty,2026-03-05T07:46:43,Closed,neutral,Withdrawn by submitter
HIST-00349,user_7653,False,Network/IT,Hostel C,Internet speed drops drastically at night in hostel,Medium,Physics,4,student,2026-08-06T22:57:02,Submitted,neutral,
HIST-00350,user_5962,False,Electricity,Block C Classroom,Faulty wiring in Block C caused a short circuit last week,Medium,Electronics,2,student,2026-02-17T14:41:45,In Progress,negative,
HIST-00351,user_4428,False,Maintenance,Not Applicable,Door handles in classrooms are broken,Medium,Electronics,3,student,2026-05-24T05:28:47,Submitted,negative,
HIST-00352,user_9879,False,Network/IT,Hostel C,The internet bandwidth in hostel is severely throttled after sunset,High,Civil,1,student,2026-01-01T21:13:48,In Progress,neutral,
HIST-00353,user_2582,False,Transport,Main Gate Bus Stop,Students waiting for Route 3 bus are stranded for over an hour,Low,Chemical,4,student,2025-11-21T11:53:59,Resolved,negative,Issue addressed and closed by department
HIST-00354,user_4129,False,Network/IT,Boys Hostel A,Hostel network is almost unusable at night,Medium,Mechanical,1,student,2025-11-15T21:32:12,Under Review,negative,
HIST-00355,user_1385,False,Academic,Computer Science Department,Mid-semester exams clashed for second year CS department students,Low,Computer Science,2,student,2025-12-20T16:54:59,Resolved,neutral,Issue addressed and closed by department
HIST-00356,user_1265,False,Transport,Main Gate Bus Stop,Bus on Route 3 is always late by 30 to 45 minutes,Medium,Management,3,student,2026-09-16T15:34:42,Resolved,negative,Issue resolved after maintenance team intervention
HIST-00357,user_1509,False,Water/Sanitation,Library,Washrooms near the auditorium are not cleaned regularly,Medium,Mathematics,4,student,2025-12-19T11:47:10,Under Review,neutral,
HIST-00358,user_5846,False,Electricity,Admin Block,Streetlights near the sports complex do not work at night,Medium,Mechanical,2,student,2026-01-21T09:12:49,Closed,neutral,Issue closed after investigation found no violation
HIST-00359,user_2983,False,Academic,Computer Science Department,Mid-semester exams clashed for second year CS department students,Low,Computer Science,2,student,2026-01-24T15:11:29,Under Review,neutral,
HIST-00360,user_4392,False,Network/IT,Hostel C,Hostel WiFi becomes very slow in the evening,Medium,Electronics,3,student,2026-07-18T20:57:24,Resolved,negative,Resolved after escalation to concerned authority
HIST-00361,user_4042,False,Network/IT,Girls Hostel B,Hostel network is almost unusable at night,Low,Physics,4,faculty,2026-09-19T18:36:33,Resolved,negative,Issue addressed and closed by department
HIST-00362,user_2168,False,Water/Sanitation,Library,Drainage in the main corridor gets clogged after rain,Low,Computer Science,1,student,2026-09-14T14:38:11,Resolved,negative,Problem fixed following department review
HIST-00363,user_2098,False,Maintenance,Workshop,Paint is peeling off walls in the main corridor,Low,Management,2,student,2026-01-27T13:04:46,Resolved,negative,Problem fixed following department review
HIST-00364,user_5152,False,Water/Sanitation,New Hostel Block,Water pressure in hostel is too low to use showers,Medium,Mechanical,2,student,2026-02-09T22:52:17,Resolved,neutral,Issue addressed and closed by department
HIST-00365,user_8415,False,Water/Sanitation,Hostel C,The overhead water tank in hostel is not being filled regularly,Low,Electronics,1,student,2025-12-11T10:06:30,Resolved,neutral,Resolved after escalation to concerned authority
HIST-00366,user_2948,False,Academic,Computer Science Department,The syllabus for second year CS subjects was not updated this semester,Medium,Computer Science,2,student,2026-05-07T21:13:25,In Progress,neutral,
HIST-00367,user_7912,False,Transport,Canteen,College bus is not air-conditioned and it is very hot,Medium,Management,3,student,2026-03-16T16:35:32,Under Review,neutral,
HIST-00368,user_6857,False,Academic,Computer Science Department,The syllabus for second year CS subjects was not updated this semester,Low,Computer Science,2,student,2026-03-09T20:39:08,Under Review,neutral,
HIST-00369,user_7602,False,Library,Canteen,Library timings do not accommodate evening students,High,Management,2,staff,2026-04-10T07:27:52,Closed,neutral,Withdrawn by submitter
HIST-00370,user_1173,False,Electricity,Workshop,Generator backup is slow during power outages,High,Management,1,student,2026-06-30T04:00:35,In Progress,negative,
HIST-00371,user_5918,False,Water/Sanitation,Academic Block A,Water cooler on second floor of academic block is not working,Medium,Computer Science,4,faculty,2026-02-23T07:32:53,Resolved,negative,Resolved after escalation to concerned authority
HIST-00372,user_6622,False,Water/Sanitation,Workshop,Water cooler on second floor of academic block is not working,Medium,Mechanical,4,student,2026-04-09T23:34:17,Submitted,negative,
HIST-00373,user_7352,False,Network/IT,Boys Hostel A,Hostel network is almost unusable at night,Medium,Physics,4,student,2026-01-06T22:35:34,Resolved,negative,Problem fixed following department review
HIST-00374,user_7142,False,Network/IT,Girls Hostel B,Very poor internet speed in Boys Hostel after 5pm,High,Physics,3,student,2026-03-18T22:38:08,Under Review,negative,
HIST-00375,user_4415,False,Electricity,Block C Lab,Lights keep flickering in Block C during lab sessions,High,Chemical,3,student,2025-10-05T18:50:20,Closed,neutral,Issue closed after investigation found no violation
HIST-00376,user_5977,False,Water/Sanitation,Boys Hostel A,Water leaking from pipes in hostel basement for over two weeks,Low,Management,4,student,2025-10-15T10:12:39,Closed,negative,Closed without further action required
HIST-00377,user_8020,False,Hostel,Canteen,Hostel mess food quality has declined significantly,High,Physics,4,student,2026-06-25T20:38:59,Closed,neutral,Issue closed after investigation found no violation
HIST-00378,user_8838,False,Hostel,Auditorium,Common room TV has been broken for over a month,Critical,Civil,4,staff,2026-08-02T16:10:00,Submitted,negative,
HIST-00379,user_1686,False,Network/IT,Boys Hostel A,WiFi signal is weak and unstable in hostel,Medium,Chemical,4,staff,2026-02-22T22:36:28,Resolved,neutral,Problem fixed following department review
HIST-00380,user_9050,False,Transport,Route 3 Stop,Route 3 bus skips stops without any prior notice,Medium,Electronics,1,faculty,2026-05-31T20:43:23,Resolved,neutral,Problem fixed following department review
HIST-00381,user_1516,False,Electricity,Block C,Faulty wiring in Block C caused a short circuit last week,Low,Management,1,student,2026-03-19T21:52:15,Resolved,negative,Issue addressed and closed by department
HIST-00382,user_9191,False,Electricity,Workshop,Streetlights near the sports complex do not work at night,High,Mathematics,1,student,2025-10-31T00:08:56,Submitted,neutral,
HIST-00383,user_6236,False,Electricity,Block C Lab,Faulty wiring in Block C caused a short circuit last week,Low,Civil,2,student,2026-01-10T08:47:10,Closed,negative,Issue closed after investigation found no violation
HIST-00384,user_6758,False,Network/IT,Canteen,Campus Wi-Fi password was changed without informing students,Medium,Civil,3,student,2026-06-14T19:41:39,In Progress,neutral,
HIST-00385,user_1508,False,Network/IT,Academic Block B,Campus Wi-Fi password was changed without informing students,Medium,Computer Science,4,student,2025-11-12T20:38:38,Closed,neutral,Withdrawn by submitter
HIST-00386,user_5190,False,Water/Sanitation,Academic Block A,Water cooler on second floor of academic block is not working,Medium,Physics,2,student,2025-11-18T08:13:15,Resolved,negative,Resolved after escalation to concerned authority
HIST-00387,user_8759,True,Harassment,Campus Common Area,There is ongoing bullying in the hostel common room,Medium,Electronics,2,student,2026-09-18T21:54:00,Under Review,negative,
HIST-00388,user_7287,False,Electricity,Main Building,Electrical board near the canteen looks dangerous,High,Mechanical,2,student,2025-11-12T22:36:25,Submitted,negative,
HIST-00389,user_9831,True,Bullying,Near Library,There is ongoing bullying in the hostel common room,High,Chemical,2,student,2026-04-17T05:25:28,In Progress,negative,
HIST-00390,user_2605,False,Transport,Route 3 Stop,We missed exams because Route 3 bus was cancelled without notification,Low,Management,4,staff,2025-10-02T18:23:03,Under Review,negative,
HIST-00391,user_7925,False,Network/IT,Hostel C,WiFi keeps disconnecting in my hostel room,Low,Physics,2,faculty,2026-03-11T17:20:47,Under Review,neutral,
HIST-00392,user_6751,False,Network/IT,Boys Hostel A,Very poor internet speed in Boys Hostel after 5pm,Low,Mathematics,4,faculty,2026-09-03T22:51:15,Submitted,negative,
HIST-00393,user_9033,False,Network/IT,Hostel C,WiFi keeps disconnecting in my hostel room,Medium,Computer Science,1,student,2026-08-10T20:33:29,Resolved,neutral,Corrective action taken and verified
HIST-00394,user_1447,False,Transport,Transport Area,The college bus on Route 3 frequently breaks down,Low,Computer Science,2,faculty,2026-04-09T16:56:45,Under Review,neutral,
HIST-00395,user_7225,False,Electricity,Block C Classroom,We experience load shedding only in Block C every afternoon,Low,Mechanical,2,student,2026-03-03T12:52:32,In Progress,neutral,
HIST-00396,user_1633,False,Transport,Transport Area,We missed exams because Route 3 bus was cancelled without notification,Critical,Chemical,3,student,2026-04-10T00:19:54,Resolved,negative,Issue addressed and closed by department
HIST-00397,user_8986,False,Other,Workshop,Campus events are not announced with sufficient advance notice,High,Computer Science,4,student,2026-03-22T23:08:27,Resolved,neutral,Issue addressed and closed by department
HIST-00398,user_2422,False,Canteen,Canteen,Canteen food prices have increased without any notice,Critical,Physics,1,student,2025-12-06T07:22:44,In Progress,neutral,
HIST-00399,user_8780,False,Water/Sanitation,Academic Block B,Water cooler on second floor of academic block is not working,High,Electronics,2,staff,2026-05-21T00:10:17,Resolved,negative,Issue addressed and closed by department
HIST-00400,user_5131,False,Transport,Main Gate Bus Stop,Route 3 bus skips stops without any prior notice,High,Physics,2,student,2026-07-27T01:43:11,Resolved,neutral,Resolved after escalation to concerned authority
HIST-00401,user_9908,False,Transport,Main Gate Bus Stop,Route 3 bus skips stops without any prior notice,Low,Mathematics,2,faculty,2025-11-19T16:04:35,Submitted,neutral,
HIST-00402,user_2508,False,Water/Sanitation,Admin Block,Washrooms near the auditorium are not cleaned regularly,Medium,Mathematics,4,student,2026-04-01T21:08:45,Submitted,neutral,
HIST-00403,user_2359,False,Canteen,Main Building,Canteen food prices have increased without any notice,Medium,Mechanical,2,faculty,2025-11-22T19:36:39,Submitted,neutral,
HIST-00404,user_5020,False,Academic,Computer Science Department,Year 2 CS students have excessive workload with overlapping assignments,High,Computer Science,2,student,2025-10-05T05:57:41,In Progress,neutral,
HIST-00405,user_2540,False,Network/IT,Girls Hostel B,Network connectivity in hostel is extremely poor after 6pm,Medium,Management,2,faculty,2026-01-27T22:09:51,In Progress,negative,
HIST-00406,user_8449,False,Academic,Academic Block A,Course curriculum has not been revised in years,Medium,Chemical,2,staff,2026-07-01T08:29:16,Under Review,neutral,
HIST-00407,user_7223,False,Other,Library,Communication from admin about events is unclear,Low,Mathematics,2,student,2026-01-22T11:20:35,Submitted,neutral,
HIST-00408,user_6527,False,Electricity,Block C Lab,Frequent power cuts in Block C classrooms are disrupting lectures,Medium,Mechanical,1,student,2026-07-02T03:00:40,Resolved,neutral,Problem fixed following department review
HIST-00409,user_4954,False,Electricity,Block C,Electrical wiring in Block C looks damaged and poses a safety hazard,High,Mechanical,2,student,2026-01-13T10:04:20,Resolved,negative,Issue addressed and closed by department
HIST-00410,user_8688,False,Electricity,Block C Lab,Electrical wiring in Block C looks damaged and poses a safety hazard,Low,Civil,2,student,2026-05-19T16:53:47,Resolved,negative,Issue resolved after maintenance team intervention
HIST-00411,user_1562,False,Network/IT,Boys Hostel A,WiFi signal is weak and unstable in hostel,Medium,Mechanical,4,student,2026-04-18T22:56:08,Resolved,neutral,Issue addressed and closed by department
HIST-00412,user_6289,False,Network/IT,Hostel C,Very poor internet speed in Boys Hostel after 5pm,High,Mathematics,4,faculty,2026-08-05T22:46:05,Resolved,negative,Problem fixed following department review
HIST-00413,user_6075,True,Harassment,Canteen,Some individuals are targeting students from a specific background,Low,Computer Science,2,student,2026-04-06T06:53:05,Submitted,negative,
HIST-00414,user_8392,False,Network/IT,Hostel C,My hostel room has no WiFi signal after 7pm every day,Medium,Computer Science,1,student,2026-01-19T21:36:42,Under Review,neutral,
HIST-00415,user_4548,False,Academic,Computer Science Department,Faculty for second year Computer Science subjects is frequently absent,Medium,Computer Science,2,student,2026-03-21T20:02:54,Submitted,negative,
HIST-00416,user_7727,False,Water/Sanitation,Boys Hostel A,No water supply in the hostel from midnight to 6am,Medium,Management,1,staff,2026-03-04T20:51:19,Under Review,negative,
HIST-00417,user_2555,False,Transport,Main Gate Bus Stop,Route 3 bus schedule has not been updated for months,High,Chemical,4,student,2026-01-25T00:45:05,Submitted,neutral,
HIST-00418,user_1168,True,Harassment,Near Library,There is ongoing bullying in the hostel common room,Medium,Chemical,2,student,2025-12-07T22:33:59,Submitted,negative,
HIST-00419,user_3103,False,Electricity,Block C,Electrical wiring in Block C looks damaged and poses a safety hazard,Critical,Physics,3,student,2026-05-18T07:13:26,Resolved,negative,Resolved after escalation to concerned authority
HIST-00420,user_1462,False,Network/IT,Main Building,Campus Wi-Fi password was changed without informing students,Critical,Civil,1,student,2026-02-23T04:55:42,Resolved,neutral,Issue resolved after maintenance team intervention
HIST-00421,user_9295,False,Transport,Route 3 Stop,Bus on Route 3 is always late by 30 to 45 minutes,Medium,Mechanical,4,faculty,2025-11-06T19:31:48,Resolved,negative,Resolved after escalation to concerned authority
HIST-00422,user_8281,True,Bullying,Campus Common Area,Inappropriate behavior was noticed near the canteen area,Medium,Mechanical,2,student,2025-12-16T03:09:35,Under Review,negative,
HIST-00423,user_2132,False,Transport,Transport Area,Students waiting for Route 3 bus are stranded for over an hour,Medium,Mechanical,1,student,2025-10-17T05:06:28,In Progress,negative,
HIST-00424,user_9225,False,Network/IT,Boys Hostel A,Network connectivity in hostel is extremely poor after 6pm,High,Computer Science,1,student,2026-04-09T21:28:26,Resolved,negative,Resolved after escalation to concerned authority
HIST-00425,user_3969,False,Water/Sanitation,Hostel D,Hot water facility in hostel is non-functional during winter mornings,Low,Physics,3,student,2026-05-06T13:07:16,Submitted,negative,
HIST-00426,user_8588,False,Network/IT,Girls Hostel B,The internet bandwidth in hostel is severely throttled after sunset,Low,Mechanical,3,student,2026-06-17T18:58:22,Submitted,neutral,
HIST-00427,user_5501,False,Electricity,Admin Block,Generator backup is slow during power outages,Low,Management,2,student,2025-12-07T17:12:02,Under Review,negative,
HIST-00428,user_7359,False,Electricity,Workshop,Electrical board near the canteen looks dangerous,Low,Mechanical,1,student,2026-04-05T22:05:07,Resolved,negative,Resolved after escalation to concerned authority
HIST-00429,user_9776,True,Harassment,Campus Common Area,A group of seniors is creating a hostile environment for juniors,Critical,Civil,2,student,2026-02-25T04:30:09,Under Review,negative,
HIST-00430,user_1798,False,Network/IT,Girls Hostel B,WiFi signal is weak and unstable in hostel,Medium,Electronics,4,student,2026-06-30T19:54:04,In Progress,neutral,
HIST-00431,user_5148,False,Transport,Main Building,Shuttle service between campus buildings has been discontinued,High,Civil,1,staff,2026-05-29T12:03:54,Under Review,neutral,
HIST-00432,user_2927,False,Transport,Sports Complex,Bus timings are not aligned with class schedules,Medium,Chemical,4,student,2026-09-27T17:34:08,Resolved,neutral,Corrective action taken and verified
HIST-00433,user_9466,True,Harassment,Canteen,There is ongoing bullying in the hostel common room,Medium,Mechanical,3,student,2026-07-16T05:24:08,Under Review,negative,
HIST-00434,user_9046,False,Electricity,Block C Lab,Faulty wiring in Block C caused a short circuit last week,Medium,Civil,1,staff,2026-08-01T14:06:01,Resolved,negative,Problem fixed following department review
HIST-00435,user_3849,False,Library,Academic Block A,Library timings do not accommodate evening students,High,Mechanical,4,student,2026-01-26T13:30:31,Resolved,neutral,Resolved after escalation to concerned authority
HIST-00436,user_8401,False,Academic,Computer Science Department,Mid-semester exams clashed for second year CS department students,High,Computer Science,2,student,2026-08-25T12:48:47,Submitted,neutral,
HIST-00437,user_5806,False,Other,Admin Block,Campus events are not announced with sufficient advance notice,High,Physics,3,student,2026-03-24T13:21:50,Submitted,neutral,
HIST-00438,user_3666,False,Academic,Computer Science Department,Second year CS students are not getting study materials on time,Critical,Computer Science,2,student,2026-06-28T19:39:24,Submitted,neutral,
HIST-00439,user_1652,True,Bullying,Canteen,Intimidation and threats were made during an event on campus,High,Management,2,student,2026-01-05T02:54:22,Under Review,negative,
HIST-00440,user_5756,False,Hostel,Library,Hostel curfew rules are being applied inconsistently,Medium,Electronics,4,student,2026-08-19T23:07:26,Resolved,negative,Resolved after escalation to concerned authority
HIST-00441,user_6429,False,Electricity,Canteen,Electrical board near the canteen looks dangerous,Medium,Computer Science,3,faculty,2026-03-20T00:41:50,Resolved,negative,Issue resolved after maintenance team intervention
HIST-00442,user_7991,False,Water/Sanitation,Girls Hostel B,Hot water facility in hostel is non-functional during winter mornings,High,Mechanical,2,student,2026-04-10T16:21:36,Resolved,negative,Issue addressed and closed by department
HIST-00443,user_2796,False,Network/IT,Girls Hostel B,Very poor internet speed in Boys Hostel after 5pm,Medium,Management,4,student,2026-08-22T20:24:57,Under Review,negative,
HIST-00444,user_3536,False,Water/Sanitation,Seminar Hall,Water cooler on second floor of academic block is not working,Low,Chemical,1,student,2026-06-25T07:42:34,Submitted,negative,
HIST-00445,user_2258,False,Network/IT,Boys Hostel A,"Network issues persist in hostel, reported multiple times",High,Computer Science,4,student,2026-03-24T21:18:48,Resolved,neutral,Problem fixed following department review
HIST-00446,user_4262,False,Network/IT,Girls Hostel B,Network connectivity in hostel is extremely poor after 6pm,Medium,Mathematics,3,student,2026-05-01T20:29:59,In Progress,negative,
HIST-00447,user_8899,True,Bullying,Not Applicable,A group of seniors is creating a hostile environment for juniors,Critical,Mechanical,2,student,2025-10-25T14:18:48,Under Review,negative,
HIST-00448,user_8966,False,Electricity,Canteen,Power outlets in the library are insufficient,Critical,Electronics,4,student,2026-04-11T11:40:53,Under Review,negative,
HIST-00449,user_5080,False,Water/Sanitation,Seminar Hall,Washrooms near the auditorium are not cleaned regularly,Low,Civil,1,student,2026-05-13T02:49:15,Resolved,neutral,Corrective action taken and verified
HIST-00450,user_1093,True,Bullying,Canteen,Inappropriate behavior was noticed near the canteen area,Critical,Physics,2,student,2026-03-07T03:44:39,In Progress,negative,
HIST-00451,user_7345,False,Electricity,Block C Classroom,Power supply in Block C cuts off multiple times a day,High,Mathematics,2,staff,2026-06-12T03:48:18,Under Review,neutral,
HIST-00452,user_3893,False,Transport,Sports Complex,Bus driver is rude to students,High,Mechanical,4,student,2025-11-11T01:05:50,Submitted,negative,
HIST-00453,user_7172,False,Transport,Route 3 Stop,We missed exams because Route 3 bus was cancelled without notification,Medium,Computer Science,4,student,2025-10-21T20:01:39,Closed,negative,Withdrawn by submitter
HIST-00454,user_1718,False,Academic,Canteen,Course curriculum has not been revised in years,High,Mechanical,2,faculty,2026-01-28T23:39:35,Resolved,neutral,Issue resolved after maintenance team intervention
HIST-00455,user_5952,True,Bullying,Canteen,Inappropriate behavior was noticed near the canteen area,High,Mechanical,1,student,2026-01-25T06:36:27,Under Review,negative,
HIST-00456,user_3992,False,Water/Sanitation,New Hostel Block,Water leaking from pipes in hostel basement for over two weeks,Medium,Physics,4,student,2026-03-27T16:57:27,Resolved,negative,Issue addressed and closed by department
HIST-00457,user_4660,False,Electricity,Block C Lab,We experience load shedding only in Block C every afternoon,Medium,Mathematics,1,student,2025-12-20T13:28:15,Resolved,neutral,Corrective action taken and verified
HIST-00458,user_6571,True,Bullying,Not Applicable,Some individuals are targeting students from a specific background,Low,Computer Science,1,student,2026-03-01T03:23:57,Under Review,negative,
HIST-00459,user_9083,False,Network/IT,Boys Hostel A,Internet speed drops drastically at night in hostel,Low,Mechanical,4,student,2026-07-18T22:34:26,Closed,neutral,Withdrawn by submitter
HIST-00460,user_4747,False,Electricity,Block C Lab,Power supply in Block C cuts off multiple times a day,High,Civil,2,faculty,2025-12-30T16:55:47,Closed,neutral,Closed without further action required
HIST-00461,user_8285,False,Water/Sanitation,Boys Hostel A,Water pressure in hostel is too low to use showers,Medium,Chemical,3,student,2026-03-23T07:43:14,Submitted,neutral,
HIST-00462,user_2902,False,Network/IT,Girls Hostel B,"Network issues persist in hostel, reported multiple times",High,Electronics,3,student,2026-03-13T18:12:08,In Progress,neutral,
HIST-00463,user_2663,False,Water/Sanitation,Hostel D,Hostel water supply disrupted due to maintenance without prior notice,Medium,Mathematics,1,student,2026-04-16T16:08:31,Resolved,neutral,Corrective action taken and verified
HIST-00464,user_3694,False,Water/Sanitation,Workshop,Washrooms near the auditorium are not cleaned regularly,Low,Mechanical,4,student,2026-01-17T08:54:55,Submitted,neutral,
HIST-00465,user_3280,False,Electricity,Canteen,Power outlets in the library are insufficient,Low,Physics,4,faculty,2026-09-17T14:28:08,Submitted,negative,
HIST-00466,user_3162,False,Water/Sanitation,Hostel D,Hostel water supply disrupted due to maintenance without prior notice,Low,Physics,2,faculty,2026-09-15T04:16:42,In Progress,neutral,
HIST-00467,user_1387,False,Water/Sanitation,Boys Hostel A,Hostel bathrooms have intermittent water availability,Medium,Management,2,student,2026-09-29T03:00:42,Resolved,neutral,Problem fixed following department review
HIST-00468,user_8177,False,Hostel,Main Building,Hostel mess food quality has declined significantly,Low,Physics,3,faculty,2026-07-18T04:27:42,Resolved,neutral,Resolved after escalation to concerned authority
HIST-00469,user_9128,False,Network/IT,Hostel C,The internet bandwidth in hostel is severely throttled after sunset,Low,Mathematics,1,student,2026-05-31T21:06:04,In Progress,neutral,
HIST-00470,user_7007,False,Academic,Computer Science Department,Year 2 CS students have excessive workload with overlapping assignments,Low,Computer Science,2,student,2026-09-14T23:36:08,Submitted,neutral,
HIST-00471,user_8044,False,Electricity,Block C,Lights keep flickering in Block C during lab sessions,Medium,Civil,4,faculty,2025-12-21T12:42:04,Submitted,neutral,
HIST-00472,user_1336,False,Water/Sanitation,New Hostel Block,Hostel water supply disrupted due to maintenance without prior notice,High,Physics,1,student,2026-03-31T07:14:57,Closed,neutral,Issue closed after investigation found no violation
HIST-00473,user_9604,False,Academic,Computer Science Department,Internal assessment marks for second year CS batch were not uploaded,Critical,Computer Science,2,student,2026-05-27T17:54:39,Under Review,neutral,
HIST-00474,user_7034,True,Harassment,Near Library,A group of seniors is creating a hostile environment for juniors,High,Physics,2,student,2026-03-05T17:50:00,Submitted,negative,
HIST-00475,user_9904,False,Network/IT,Hostel C,Hostel network is almost unusable at night,Medium,Physics,2,student,2026-02-21T17:57:22,In Progress,negative,
HIST-00476,user_2742,False,Transport,Main Gate Bus Stop,Route 3 bus skips stops without any prior notice,Medium,Management,3,student,2026-08-06T01:10:25,Submitted,neutral,
HIST-00477,user_7858,False,Water/Sanitation,New Hostel Block,The overhead water tank in hostel is not being filled regularly,Medium,Mathematics,1,student,2026-08-31T18:24:41,Resolved,neutral,Problem fixed following department review
HIST-00478,user_8760,False,Academic,Computer Science Department,Year 2 CS students have excessive workload with overlapping assignments,High,Computer Science,2,student,2026-08-29T17:24:57,In Progress,neutral,
HIST-00479,user_1549,False,Network/IT,Girls Hostel B,The internet bandwidth in hostel is severely throttled after sunset,Low,Mechanical,4,student,2026-04-04T20:12:06,Under Review,neutral,
HIST-00480,user_5569,True,Bullying,Near Library,Intimidation and threats were made during an event on campus,High,Physics,1,student,2025-12-22T03:48:03,Under Review,negative,
HIST-00481,user_8148,False,Transport,Sports Complex,Bus timings are not aligned with class schedules,Low,Chemical,1,faculty,2025-11-20T14:22:04,Resolved,neutral,Resolved after escalation to concerned authority
HIST-00482,user_7918,False,Network/IT,Admin Block,Library computers are very slow and outdated,Medium,Physics,3,student,2026-06-13T15:51:21,In Progress,negative,
HIST-00483,user_2096,False,Network/IT,Hostel C,Network connectivity in hostel is extremely poor after 6pm,Low,Chemical,2,student,2026-05-31T17:55:22,Resolved,negative,Resolved after escalation to concerned authority
HIST-00484,user_2067,False,Water/Sanitation,Canteen,Drainage in the main corridor gets clogged after rain,Medium,Electronics,2,student,2026-02-26T05:20:26,In Progress,negative,
HIST-00485,user_2429,False,Water/Sanitation,Hostel D,Hostel water supply is completely cut off during weekends,Medium,Chemical,3,student,2026-06-29T14:54:25,In Progress,negative,
HIST-00486,user_5305,False,Electricity,Block C Lab,Power supply in Block C cuts off multiple times a day,High,Physics,3,student,2026-07-17T14:51:14,In Progress,neutral,
HIST-00487,user_6859,False,Electricity,Block C,The electricity in Block C Lab trips without warning,Low,Civil,4,student,2025-10-25T22:49:24,In Progress,neutral,
HIST-00488,user_8776,False,Network/IT,Hostel C,Internet speed drops drastically at night in hostel,High,Management,1,student,2026-08-05T18:56:02,Resolved,neutral,Issue resolved after maintenance team intervention
HIST-00489,user_7575,False,Network/IT,Boys Hostel A,Internet speed drops drastically at night in hostel,Medium,Physics,1,student,2026-02-17T21:05:38,Submitted,neutral,
HIST-00490,user_9308,True,Bullying,Hostel,Some individuals are targeting students from a specific background,Medium,Electronics,4,student,2025-10-25T00:03:47,Submitted,negative,
HIST-00491,user_4985,False,Network/IT,Not Applicable,Student portal is unavailable on mobile browsers,Medium,Physics,1,staff,2026-02-25T22:00:25,Resolved,neutral,Resolved after escalation to concerned authority
HIST-00492,user_3253,False,Transport,Route 3 Stop,The college bus on Route 3 frequently breaks down,Medium,Mechanical,1,faculty,2026-07-21T13:25:23,In Progress,neutral,
HIST-00493,user_2982,False,Hostel,Workshop,Common room TV has been broken for over a month,High,Physics,1,student,2025-11-25T07:33:31,In Progress,negative,
HIST-00494,user_1395,False,Electricity,Academic Block A,Streetlights near the sports complex do not work at night,Low,Civil,1,student,2026-05-13T01:51:52,Submitted,neutral,
HIST-00495,user_3654,False,Network/IT,Boys Hostel A,Network connectivity in hostel is extremely poor after 6pm,Medium,Physics,1,student,2026-06-05T17:05:47,In Progress,negative,
HIST-00496,user_2415,False,Transport,Main Gate Bus Stop,Students waiting for Route 3 bus are stranded for over an hour,Medium,Civil,2,student,2026-05-12T14:05:16,Resolved,negative,Issue resolved after maintenance team intervention
HIST-00497,user_4060,False,Infrastructure,Not Applicable,Benches in the main auditorium are broken,Critical,Mechanical,2,faculty,2025-11-27T02:01:15,Resolved,negative,Corrective action taken and verified
HIST-00498,user_4219,False,Canteen,Canteen,Vending machines in canteen are frequently out of stock,Medium,Mechanical,1,faculty,2026-08-30T03:08:09,Resolved,neutral,Corrective action taken and verified
HIST-00499,user_8308,False,Network/IT,Boys Hostel A,WiFi signal is weak and unstable in hostel,Medium,Chemical,2,student,2025-12-28T22:09:58,Resolved,neutral,Issue addressed and closed by department
HIST-00500,user_9944,False,Water/Sanitation,Hostel D,Hostel water supply is completely cut off during weekends,Low,Mathematics,3,student,2025-10-24T14:42:21,Submitted,negative,
HIST-00501,user_7116,False,Electricity,Block C,Frequent power cuts in Block C classrooms are disrupting lectures,Medium,Mechanical,4,faculty,2025-10-31T18:21:19,Resolved,neutral,Problem fixed following department review
HIST-00502,user_5309,True,Bullying,Near Library,Verbal harassment occurred in a common area on campus,Medium,Physics,1,student,2026-03-01T18:23:07,Resolved,negative,Issue addressed and closed by department
HIST-00503,user_8829,False,Electricity,Library,Electrical board near the canteen looks dangerous,Low,Management,2,student,2025-12-18T23:14:13,Resolved,negative,Corrective action taken and verified
HIST-00504,user_2094,False,Transport,Main Gate Bus Stop,The college bus on Route 3 frequently breaks down,Low,Physics,3,faculty,2025-12-01T14:26:10,In Progress,neutral,
HIST-00505,user_4039,False,Water/Sanitation,Hostel D,Hostel bathrooms have intermittent water availability,Medium,Computer Science,4,student,2026-06-14T09:04:08,Resolved,neutral,Problem fixed following department review
HIST-00506,user_7770,False,Network/IT,Hostel C,Internet not working properly in hostel during evening hours,Medium,Management,1,student,2026-09-13T20:47:20,In Progress,negative,
HIST-00507,user_2898,False,Academic,Computer Science Department,Second year CS students are not getting study materials on time,Low,Computer Science,2,student,2025-10-28T22:18:28,Resolved,neutral,Corrective action taken and verified
HIST-00508,user_1651,False,Network/IT,Hostel C,Network connectivity in hostel is extremely poor after 6pm,Low,Management,1,student,2026-02-13T17:55:27,In Progress,negative,
HIST-00509,user_4805,False,Electricity,Block C Lab,Power supply in Block C cuts off multiple times a day,Medium,Chemical,3,student,2025-11-08T22:33:43,Under Review,neutral,
HIST-00510,user_4316,True,Harassment,Campus Common Area,A group of seniors is creating a hostile environment for juniors,Medium,Computer Science,1,student,2025-11-09T07:11:32,Under Review,negative,
HIST-00511,user_3414,False,Academic,Academic Block B,Timetable clashes are causing attendance issues,Low,Civil,2,student,2025-12-25T14:11:57,Submitted,neutral,
HIST-00512,user_5920,False,Water/Sanitation,Hostel D,Hostel water supply disrupted due to maintenance without prior notice,High,Civil,3,student,2026-04-11T02:01:31,Submitted,neutral,
HIST-00513,user_3182,False,Academic,Computer Science Department,Faculty for second year Computer Science subjects is frequently absent,Medium,Computer Science,2,student,2026-03-01T05:28:28,Resolved,negative,Issue addressed and closed by department
HIST-00514,user_7401,False,Transport,Main Gate Bus Stop,Route 3 bus skips stops without any prior notice,Medium,Computer Science,4,faculty,2026-03-04T18:18:42,In Progress,neutral,
HIST-00515,user_1183,False,Maintenance,Seminar Hall,Window panes in the library reading room are broken,Low,Physics,3,student,2026-06-24T13:25:37,Submitted,negative,
HIST-00516,user_7092,False,Water/Sanitation,Hostel C,Sanitation in hostel is poor due to water shortage,Critical,Mechanical,2,faculty,2026-02-05T04:43:53,Resolved,negative,Corrective action taken and verified
HIST-00517,user_1982,False,Academic,Sports Complex,Attendance records show errors in the portal,Medium,Computer Science,2,student,2026-04-17T13:33:53,Resolved,negative,Issue resolved after maintenance team intervention
HIST-00518,user_9359,False,Academic,Computer Science Department,CS department year 2 lab slots keep changing without notice,High,Computer Science,2,student,2026-04-22T12:12:18,Under Review,neutral,
HIST-00519,user_1199,False,Water/Sanitation,Boys Hostel A,Drinking water supply in hostel corridor taps is inconsistent,Low,Chemical,4,staff,2026-05-23T06:37:57,Resolved,negative,Issue resolved after maintenance team intervention
HIST-00520,user_2847,False,Transport,Academic Block A,Bus timings are not aligned with class schedules,Medium,Electronics,4,student,2026-03-20T16:58:14,In Progress,neutral,
HIST-00521,user_9594,False,Network/IT,Boys Hostel A,Hostel network is almost unusable at night,Low,Mathematics,2,faculty,2026-06-29T20:40:11,Resolved,negative,Resolved after escalation to concerned authority
HIST-00522,user_5356,False,Transport,Main Gate Bus Stop,We missed exams because Route 3 bus was cancelled without notification,Low,Computer Science,4,staff,2025-11-12T19:52:16,Resolved,negative,Issue resolved after maintenance team intervention
HIST-00523,user_9692,False,Academic,Computer Science Department,Mid-semester exams clashed for second year CS department students,High,Computer Science,2,student,2026-08-18T15:02:37,Closed,neutral,Issue closed after investigation found no violation
HIST-00524,user_1145,False,Network/IT,Girls Hostel B,Very poor internet speed in Boys Hostel after 5pm,Low,Chemical,1,student,2026-05-11T21:06:59,Submitted,negative,
HIST-00525,user_5969,False,Hostel,Sports Complex,Hostel rooms have insufficient lighting,Medium,Mathematics,1,student,2026-06-26T23:54:40,Under Review,negative,
HIST-00526,user_3245,False,Electricity,Block C Classroom,Faulty wiring in Block C caused a short circuit last week,High,Physics,2,student,2026-02-12T20:14:11,In Progress,negative,
HIST-00527,user_6235,False,Academic,Sports Complex,Exam hall was too crowded and uncomfortable,Critical,Electronics,1,student,2026-02-20T07:33:23,Submitted,negative,
HIST-00528,user_4992,False,Transport,Route 3 Stop,Route 3 bus skips stops without any prior notice,Medium,Mechanical,4,faculty,2026-07-27T06:50:23,In Progress,neutral,
HIST-00529,user_8870,True,Harassment,Canteen,A group of seniors is creating a hostile environment for juniors,Critical,Physics,4,student,2025-12-02T16:14:14,Under Review,negative,
HIST-00530,user_4498,False,Electricity,Block C Lab,The electricity in Block C Lab trips without warning,High,Physics,3,student,2026-07-22T21:24:32,Resolved,neutral,Resolved after escalation to concerned authority
HIST-00531,user_4091,False,Academic,Computer Science Department,Internal assessment marks for second year CS batch were not uploaded,Medium,Computer Science,2,student,2026-07-22T20:13:41,Submitted,neutral,
HIST-00532,user_8778,False,Electricity,Block C Lab,Faulty wiring in Block C caused a short circuit last week,High,Electronics,1,student,2026-06-17T07:28:40,Resolved,negative,Problem fixed following department review
HIST-00533,user_8836,False,Network/IT,Boys Hostel A,Internet speed drops drastically at night in hostel,Critical,Physics,2,faculty,2026-08-22T17:48:01,Resolved,neutral,Problem fixed following department review
HIST-00534,user_8843,False,Water/Sanitation,New Hostel Block,Water leaking from pipes in hostel basement for over two weeks,Low,Computer Science,2,staff,2026-03-31T06:40:23,Submitted,negative,
HIST-00535,user_4508,False,Academic,Computer Science Department,Faculty for second year Computer Science subjects is frequently absent,Critical,Computer Science,2,student,2026-05-14T17:14:40,Resolved,negative,Issue addressed and closed by department
HIST-00536,user_2622,False,Electricity,Block C,We experience load shedding only in Block C every afternoon,Low,Civil,2,student,2025-12-25T10:00:02,Resolved,neutral,Resolved after escalation to concerned authority
HIST-00537,user_3824,False,Transport,Main Gate Bus Stop,Bus driver on Route 3 drives rashly and it is very unsafe,Medium,Civil,3,faculty,2026-06-02T17:22:06,Under Review,negative,
HIST-00538,user_7354,False,Academic,Computer Science Department,The project guidelines for second year CS course are unclear,Low,Computer Science,2,student,2025-12-12T15:09:31,Closed,neutral,Closed without further action required
HIST-00539,user_9870,False,Water/Sanitation,Admin Block,Water cooler on second floor of academic block is not working,High,Mechanical,3,student,2026-06-15T21:05:50,Resolved,negative,Problem fixed following department review
HIST-00540,user_2161,False,Network/IT,Hostel C,My hostel room has no WiFi signal after 7pm every day,Low,Mechanical,2,student,2026-04-24T20:20:11,Resolved,neutral,Resolved after escalation to concerned authority
HIST-00541,user_3393,False,Network/IT,Boys Hostel A,Hostel WiFi becomes very slow in the evening,Medium,Chemical,2,faculty,2026-02-03T21:38:49,Resolved,negative,Issue addressed and closed by department
HIST-00542,user_3080,False,Water/Sanitation,Hostel C,Water pressure in hostel is too low to use showers,Medium,Computer Science,1,student,2026-04-24T16:22:43,Resolved,neutral,Issue resolved after maintenance team intervention
HIST-00543,user_9353,False,Water/Sanitation,New Hostel Block,Hostel bathrooms have intermittent water availability,Low,Mathematics,3,student,2025-10-18T11:03:36,Submitted,neutral,
HIST-00544,user_3382,False,Hostel,Seminar Hall,Hostel mess food quality has declined significantly,Medium,Civil,1,student,2025-12-13T05:56:47,Submitted,neutral,
HIST-00545,user_2114,False,Canteen,Canteen,Canteen hygiene standards need improvement,Low,Electronics,4,student,2026-01-17T13:26:12,In Progress,neutral,
HIST-00546,user_8826,False,Electricity,Block C Classroom,The main electrical panel in Block C needs urgent maintenance,Medium,Civil,3,student,2025-11-08T16:16:54,Resolved,neutral,Issue addressed and closed by department
HIST-00547,user_9411,False,Electricity,Block C Classroom,Faulty wiring in Block C caused a short circuit last week,Medium,Civil,4,student,2026-04-11T03:45:34,Resolved,negative,Problem fixed following department review
HIST-00548,user_2189,False,Infrastructure,Canteen,Pathway between departments is flooded after rain,Low,Mathematics,4,student,2026-04-28T15:50:28,Under Review,negative,
HIST-00549,user_3698,False,Electricity,Block C Lab,Frequent power cuts in Block C classrooms are disrupting lectures,Critical,Mechanical,1,student,2026-05-26T22:44:12,Submitted,neutral,
HIST-00550,user_5047,False,Electricity,Block C Classroom,Power supply in Block C cuts off multiple times a day,High,Physics,2,student,2025-12-10T14:15:19,Submitted,neutral,
HIST-00551,user_7774,False,Network/IT,Seminar Hall,Printing facility in computer lab has been non-functional for a week,High,Chemical,2,staff,2025-12-20T19:45:56,Submitted,negative,
HIST-00552,user_6926,False,Other,Not Applicable,Campus events are not announced with sufficient advance notice,Low,Electronics,2,student,2026-05-13T18:43:21,Submitted,neutral,
HIST-00553,user_4692,False,Infrastructure,Workshop,Roof of the old building is leaking during rains,Medium,Physics,4,faculty,2026-01-21T20:54:56,In Progress,negative,
HIST-00554,user_5300,False,Maintenance,Main Building,Window panes in the library reading room are broken,High,Physics,3,faculty,2026-03-31T16:43:03,Resolved,negative,Issue addressed and closed by department
HIST-00555,user_7658,False,Network/IT,Admin Block,Library computers are very slow and outdated,Low,Mechanical,3,student,2025-12-23T13:10:26,Resolved,negative,Issue addressed and closed by department
HIST-00556,user_1977,False,Electricity,Block C,Block C classroom fans and lights stop working randomly,Critical,Mathematics,2,faculty,2026-01-24T22:29:45,Resolved,neutral,Problem fixed following department review
HIST-00557,user_8075,False,Electricity,Block C,Faulty wiring in Block C caused a short circuit last week,High,Management,3,student,2026-05-23T16:30:39,Closed,negative,Withdrawn by submitter
HIST-00558,user_1703,False,Network/IT,Girls Hostel B,Network connectivity in hostel is extremely poor after 6pm,High,Management,1,student,2026-07-08T21:31:05,In Progress,negative,
HIST-00559,user_6250,False,Electricity,Block C Classroom,We experience load shedding only in Block C every afternoon,Medium,Management,1,student,2026-03-08T04:33:01,In Progress,neutral,
HIST-00560,user_7465,False,Network/IT,Boys Hostel A,Cannot access internet from hostel room in the evening,Medium,Electronics,3,student,2026-05-21T20:33:42,Under Review,neutral,
HIST-00561,user_1453,False,Network/IT,Canteen,Student portal is unavailable on mobile browsers,Medium,Management,4,student,2026-04-07T11:25:26,Resolved,neutral,Issue addressed and closed by department
HIST-00562,user_4155,False,Academic,Computer Science Department,The project guidelines for second year CS course are unclear,High,Computer Science,2,student,2026-09-10T22:11:47,In Progress,neutral,
HIST-00563,user_7122,False,Transport,Route 3 Stop,Bus driver on Route 3 drives rashly and it is very unsafe,Low,Management,3,staff,2026-05-04T07:41:25,In Progress,negative,
HIST-00564,user_7402,False,Electricity,Block C Lab,Lights keep flickering in Block C during lab sessions,Medium,Mechanical,4,student,2026-05-05T13:00:14,Resolved,neutral,Issue resolved after maintenance team intervention
HIST-00565,user_8369,False,Electricity,Block C Classroom,Electrical wiring in Block C looks damaged and poses a safety hazard,Medium,Mechanical,1,student,2026-04-21T08:00:03,Resolved,negative,Problem fixed following department review
HIST-00566,user_4681,False,Network/IT,Hostel C,"Network issues persist in hostel, reported multiple times",Medium,Management,4,student,2026-04-04T22:10:42,Resolved,neutral,Issue addressed and closed by department
HIST-00567,user_3086,False,Academic,Computer Science Department,The project guidelines for second year CS course are unclear,High,Computer Science,2,student,2026-02-15T17:56:22,Resolved,neutral,Problem fixed following department review
HIST-00568,user_8853,False,Electricity,Block C,The electricity in Block C Lab trips without warning,Medium,Electronics,1,student,2025-10-20T12:38:46,Resolved,neutral,Issue addressed and closed by department
HIST-00569,user_9348,False,Water/Sanitation,Workshop,Drainage in the main corridor gets clogged after rain,Low,Physics,4,faculty,2025-11-22T21:42:12,Resolved,negative,Problem fixed following department review
HIST-00570,user_7660,False,Network/IT,Boys Hostel A,Cannot access internet from hostel room in the evening,Low,Computer Science,1,staff,2026-08-28T18:10:26,Submitted,neutral,
HIST-00571,user_3576,False,Electricity,Block C Classroom,The electricity in Block C Lab trips without warning,Medium,Chemical,3,student,2026-09-14T06:05:14,Under Review,neutral,
HIST-00572,user_4954,False,Transport,Route 3 Stop,We missed exams because Route 3 bus was cancelled without notification,High,Computer Science,3,student,2025-12-23T04:27:51,Submitted,negative,
HIST-00573,user_9540,True,Bullying,Hostel,A group of seniors is creating a hostile environment for juniors,Critical,Civil,2,student,2026-04-01T20:59:54,Under Review,negative,
HIST-00574,user_5712,False,Water/Sanitation,Hostel C,No water supply in the hostel from midnight to 6am,Critical,Chemical,2,student,2026-04-11T15:44:24,Under Review,negative,
HIST-00575,user_9145,False,Network/IT,Hostel C,The internet bandwidth in hostel is severely throttled after sunset,Low,Chemical,1,student,2025-12-07T21:37:09,Under Review,neutral,
HIST-00576,user_2229,False,Water/Sanitation,Boys Hostel A,Water leaking from pipes in hostel basement for over two weeks,Medium,Civil,1,staff,2025-11-08T20:23:56,Under Review,negative,
HIST-00577,user_8090,False,Network/IT,Hostel C,My hostel room has no WiFi signal after 7pm every day,Low,Mathematics,2,student,2025-12-01T18:11:53,In Progress,neutral,
HIST-00578,user_1506,False,Transport,Main Gate Bus Stop,The college bus on Route 3 frequently breaks down,Medium,Mechanical,2,faculty,2025-12-11T03:43:11,Submitted,neutral,
HIST-00579,user_7837,False,Electricity,Block C Lab,Power supply in Block C cuts off multiple times a day,Medium,Management,4,student,2026-06-24T05:33:57,Closed,neutral,Closed without further action required
HIST-00580,user_2086,False,Water/Sanitation,New Hostel Block,Hostel water supply disrupted due to maintenance without prior notice,Low,Civil,3,student,2026-08-08T01:31:54,Resolved,neutral,Issue resolved after maintenance team intervention
HIST-00581,user_2390,False,Water/Sanitation,Girls Hostel B,Sanitation in hostel is poor due to water shortage,Low,Chemical,4,student,2026-10-02T00:11:23,Under Review,negative,
HIST-00582,user_3384,True,Bullying,Hostel,Some individuals are targeting students from a specific background,High,Civil,4,student,2025-12-10T05:03:32,Under Review,negative,
HIST-00583,user_1654,False,Water/Sanitation,New Hostel Block,Hostel bathrooms have intermittent water availability,Low,Physics,4,student,2026-09-30T19:47:08,Resolved,neutral,Issue addressed and closed by department
HIST-00584,user_7054,False,Academic,Computer Science Department,Year 2 CS students have excessive workload with overlapping assignments,High,Computer Science,2,student,2025-11-04T10:06:57,Resolved,neutral,Corrective action taken and verified
HIST-00585,user_5544,False,Academic,Computer Science Department,Year 2 CS students have excessive workload with overlapping assignments,Low,Computer Science,2,student,2025-10-12T00:47:15,Submitted,neutral,
HIST-00586,user_7443,False,Water/Sanitation,New Hostel Block,No water supply in the hostel from midnight to 6am,Medium,Civil,3,student,2026-05-02T19:11:57,In Progress,negative,
HIST-00587,user_5601,False,Canteen,Main Building,Canteen is too crowded during lunch break,Low,Chemical,1,student,2025-10-15T19:23:41,Resolved,negative,Problem fixed following department review
HIST-00588,user_8610,False,Network/IT,Boys Hostel A,Hostel network is almost unusable at night,Critical,Mechanical,4,staff,2026-01-26T18:36:15,Submitted,negative,
HIST-00589,user_6594,False,Hostel,Admin Block,Common room TV has been broken for over a month,Medium,Electronics,1,student,2025-11-01T18:57:16,In Progress,negative,
HIST-00590,user_5972,False,Transport,Route 3 Stop,Bus on Route 3 is always late by 30 to 45 minutes,High,Civil,2,student,2026-04-05T10:31:04,In Progress,negative,
HIST-00591,user_9770,False,Water/Sanitation,New Hostel Block,Water leaking from pipes in hostel basement for over two weeks,High,Chemical,3,student,2026-06-27T18:33:40,In Progress,negative,
HIST-00592,user_6359,False,Electricity,Block C Classroom,Lights keep flickering in Block C during lab sessions,Low,Mechanical,2,student,2026-06-04T11:29:18,In Progress,neutral,
HIST-00593,user_6048,False,Transport,Main Gate Bus Stop,Bus on Route 3 is always late by 30 to 45 minutes,High,Physics,4,student,2026-07-19T06:08:49,Submitted,negative,
HIST-00594,user_8699,False,Hostel,Sports Complex,Hostel rooms have insufficient lighting,Low,Mathematics,3,student,2026-05-26T08:06:29,Resolved,negative,Issue resolved after maintenance team intervention
HIST-00595,user_9379,False,Academic,Computer Science Department,Faculty for second year Computer Science subjects is frequently absent,Low,Computer Science,2,student,2026-04-12T11:11:28,Under Review,negative,
HIST-00596,user_8991,False,Network/IT,Hostel C,Internet not working properly in hostel during evening hours,Medium,Electronics,2,student,2026-06-16T17:10:15,Closed,negative,Issue closed after investigation found no violation
HIST-00597,user_7325,False,Transport,Route 3 Stop,Bus on Route 3 is always late by 30 to 45 minutes,High,Mechanical,1,student,2025-12-02T07:35:04,Resolved,negative,Corrective action taken and verified
HIST-00598,user_3248,False,Transport,Main Gate Bus Stop,Bus driver on Route 3 drives rashly and it is very unsafe,High,Electronics,2,student,2026-03-29T13:18:07,Submitted,negative,
HIST-00599,user_8689,False,Academic,Computer Science Department,Year 2 CS students have excessive workload with overlapping assignments,Critical,Computer Science,2,student,2026-08-07T19:33:49,Resolved,neutral,Corrective action taken and verified
HIST-00600,user_6522,False,Network/IT,Boys Hostel A,My hostel room has no WiFi signal after 7pm every day,High,Management,2,student,2026-07-03T18:25:58,Submitted,neutral,
HIST-00601,user_2490,False,Water/Sanitation,Hostel C,Water pressure in hostel is too low to use showers,Low,Chemical,2,faculty,2025-12-06T22:54:29,Submitted,neutral,
HIST-00602,user_9022,False,Transport,Transport Area,Route 3 has too few buses for the number of students,Critical,Chemical,2,student,2026-09-16T02:50:27,Under Review,neutral,
HIST-00603,user_6610,False,Network/IT,Auditorium,Library computers are very slow and outdated,Low,Civil,4,student,2026-03-22T00:06:49,Submitted,negative,
HIST-00604,user_9728,False,Network/IT,Hostel C,My hostel room has no WiFi signal after 7pm every day,Low,Mechanical,3,student,2026-09-28T19:36:43,Resolved,neutral,Issue resolved after maintenance team intervention
HIST-00605,user_9470,False,Academic,Computer Science Department,No feedback session was held for second year CS students this term,Medium,Computer Science,2,student,2025-10-10T18:29:43,Resolved,neutral,Resolved after escalation to concerned authority
HIST-00606,user_2031,False,Network/IT,Boys Hostel A,Very poor internet speed in Boys Hostel after 5pm,Medium,Mathematics,3,faculty,2026-07-13T20:34:07,Submitted,negative,
HIST-00607,user_5122,False,Water/Sanitation,Boys Hostel A,Sanitation in hostel is poor due to water shortage,Medium,Management,3,student,2026-08-25T08:05:22,Submitted,negative,
HIST-00608,user_5394,False,Network/IT,Boys Hostel A,The internet bandwidth in hostel is severely throttled after sunset,Medium,Mechanical,2,student,2026-01-15T22:44:35,Closed,neutral,Issue closed after investigation found no violation
HIST-00609,user_5444,False,Network/IT,Girls Hostel B,Internet not working properly in hostel during evening hours,Low,Physics,1,student,2026-03-29T21:15:44,Resolved,negative,Resolved after escalation to concerned authority
HIST-00610,user_5734,False,Infrastructure,Workshop,Elevator in the admin block is out of order,Medium,Chemical,3,student,2025-10-14T04:07:21,Resolved,neutral,Resolved after escalation to concerned authority
HIST-00611,user_9413,False,Water/Sanitation,Hostel D,No water supply in the hostel from midnight to 6am,Medium,Management,4,student,2026-09-04T08:27:41,Closed,negative,Withdrawn by submitter
HIST-00612,user_4732,False,Academic,Computer Science Department,Mid-semester exams clashed for second year CS department students,Medium,Computer Science,2,student,2026-05-07T19:04:02,Resolved,neutral,Problem fixed following department review
HIST-00613,user_6129,False,Water/Sanitation,Hostel D,Hot water facility in hostel is non-functional during winter mornings,Medium,Civil,2,student,2026-06-22T21:21:06,Submitted,negative,
HIST-00614,user_6311,False,Water/Sanitation,Not Applicable,Water cooler on second floor of academic block is not working,Low,Mathematics,3,student,2025-11-26T15:36:01,Resolved,negative,Problem fixed following department review
HIST-00615,user_4922,False,Network/IT,Hostel C,Hostel network is almost unusable at night,Low,Civil,2,student,2025-10-12T19:35:36,Resolved,negative,Resolved after escalation to concerned authority
HIST-00616,user_4133,False,Network/IT,Boys Hostel A,"Network issues persist in hostel, reported multiple times",Low,Computer Science,2,student,2026-09-01T19:04:32,Resolved,neutral,Issue resolved after maintenance team intervention
HIST-00617,user_6710,False,Maintenance,Canteen,Air conditioning in department seminar hall is not working,Critical,Chemical,4,faculty,2025-10-29T01:55:37,Submitted,negative,
HIST-00618,user_6019,False,Water/Sanitation,Hostel C,Hostel bathrooms have intermittent water availability,Medium,Management,2,student,2025-12-16T16:18:55,In Progress,neutral,
HIST-00619,user_4143,False,Other,Auditorium,Student ID card issuance is taking too long,Low,Electronics,4,student,2026-06-19T00:04:13,Resolved,neutral,Issue resolved after maintenance team intervention
HIST-00620,user_6488,False,Network/IT,Boys Hostel A,Cannot access internet from hostel room in the evening,Low,Physics,4,student,2026-06-27T20:41:45,Resolved,neutral,Problem fixed following department review
HIST-00621,user_9481,False,Water/Sanitation,Boys Hostel A,Hostel bathrooms have intermittent water availability,Critical,Civil,2,student,2026-02-16T05:05:31,Submitted,neutral,
HIST-00622,user_7742,False,Canteen,Auditorium,Vending machines in canteen are frequently out of stock,Low,Civil,1,student,2026-03-01T08:35:28,Submitted,neutral,
HIST-00623,user_5563,False,Academic,Computer Science Department,The project guidelines for second year CS course are unclear,Critical,Computer Science,2,student,2026-03-07T19:29:55,Closed,neutral,Issue closed after investigation found no violation
HIST-00624,user_5323,False,Infrastructure,Workshop,Parking area is insufficient and poorly organized,Medium,Computer Science,1,student,2026-05-18T09:40:37,Under Review,negative,
HIST-00625,user_7944,False,Infrastructure,Auditorium,Elevator in the admin block is out of order,Medium,Mechanical,1,student,2026-04-04T17:24:10,In Progress,neutral,
HIST-00626,user_4085,False,Network/IT,Girls Hostel B,Network connectivity in hostel is extremely poor after 6pm,Medium,Mathematics,3,faculty,2026-07-12T20:05:27,Under Review,negative,
HIST-00627,user_3281,False,Academic,Computer Science Department,Year 2 CS students have excessive workload with overlapping assignments,High,Computer Science,2,student,2026-02-18T17:02:36,Submitted,neutral,
HIST-00628,user_5833,False,Water/Sanitation,Hostel C,Water leaking from pipes in hostel basement for over two weeks,Low,Computer Science,2,student,2026-04-16T07:49:14,In Progress,negative,
HIST-00629,user_4112,False,Academic,Computer Science Department,No feedback session was held for second year CS students this term,High,Computer Science,2,student,2026-06-06T08:46:23,Resolved,neutral,Corrective action taken and verified
HIST-00630,user_6922,False,Water/Sanitation,Academic Block B,Washrooms near the auditorium are not cleaned regularly,Medium,Mathematics,3,faculty,2026-07-13T08:07:20,Under Review,neutral,
HIST-00631,user_9892,False,Network/IT,Boys Hostel A,Very poor internet speed in Boys Hostel after 5pm,Low,Chemical,3,student,2025-10-27T18:27:17,Submitted,negative,
HIST-00632,user_6261,False,Network/IT,Sports Complex,Printing facility in computer lab has been non-functional for a week,Low,Mechanical,3,student,2026-06-26T09:52:27,Resolved,negative,Issue addressed and closed by department
HIST-00633,user_4349,False,Academic,Computer Science Department,Year 2 CS students have excessive workload with overlapping assignments,Low,Computer Science,2,student,2026-02-11T08:15:00,Resolved,neutral,Resolved after escalation to concerned authority
HIST-00634,user_8580,False,Infrastructure,Canteen,Elevator in the admin block is out of order,Medium,Management,1,student,2026-07-01T17:16:46,In Progress,neutral,
HIST-00635,user_9521,False,Infrastructure,Canteen,Elevator in the admin block is out of order,Medium,Civil,1,student,2025-12-25T06:27:23,Resolved,neutral,Resolved after escalation to concerned authority
HIST-00636,user_3841,False,Electricity,Block C,Frequent power cuts in Block C classrooms are disrupting lectures,Medium,Physics,2,staff,2026-09-10T03:15:32,Resolved,neutral,Resolved after escalation to concerned authority
HIST-00637,user_2920,False,Network/IT,Boys Hostel A,My hostel room has no WiFi signal after 7pm every day,Medium,Management,3,faculty,2025-12-24T18:52:34,Under Review,neutral,
HIST-00638,user_5775,False,Transport,Main Building,Bus timings are not aligned with class schedules,Critical,Mechanical,4,student,2026-05-18T14:07:36,In Progress,neutral,
HIST-00639,user_5047,False,Water/Sanitation,Main Building,Water cooler on second floor of academic block is not working,High,Chemical,2,student,2026-02-21T02:47:41,Resolved,negative,Corrective action taken and verified
HIST-00640,user_4370,False,Network/IT,Boys Hostel A,WiFi signal is weak and unstable in hostel,Medium,Chemical,3,student,2026-05-22T22:56:17,Under Review,neutral,
HIST-00641,user_6527,False,Transport,Route 3 Stop,Students waiting for Route 3 bus are stranded for over an hour,High,Electronics,2,student,2025-11-08T19:11:09,Resolved,negative,Issue resolved after maintenance team intervention
HIST-00642,user_3999,False,Academic,Computer Science Department,CS department year 2 lab slots keep changing without notice,Medium,Computer Science,2,student,2026-03-24T23:06:41,In Progress,neutral,
HIST-00643,user_9142,False,Water/Sanitation,Hostel D,Hostel bathrooms have intermittent water availability,Medium,Electronics,1,student,2025-12-26T08:31:42,Resolved,neutral,Resolved after escalation to concerned authority
HIST-00644,user_7143,False,Electricity,Block C Classroom,Frequent power cuts in Block C classrooms are disrupting lectures,High,Civil,3,student,2025-11-11T13:52:15,Submitted,neutral,
HIST-00645,user_5024,False,Electricity,Block C Classroom,Lights keep flickering in Block C during lab sessions,Low,Electronics,3,student,2026-03-29T01:47:27,In Progress,neutral,
HIST-00646,user_7416,False,Network/IT,Boys Hostel A,Hostel network is almost unusable at night,Medium,Computer Science,1,staff,2025-12-19T17:39:09,Submitted,negative,
HIST-00647,user_8935,False,Water/Sanitation,Boys Hostel A,No water supply in the hostel from midnight to 6am,Medium,Mathematics,1,student,2026-08-12T03:18:45,Resolved,negative,Problem fixed following department review
HIST-00648,user_5435,False,Electricity,Block C Lab,Faulty wiring in Block C caused a short circuit last week,Medium,Electronics,2,student,2025-11-23T00:52:37,Submitted,negative,
HIST-00649,user_8521,False,Electricity,Block C Classroom,Electrical wiring in Block C looks damaged and poses a safety hazard,Low,Electronics,1,student,2026-03-06T00:10:40,Under Review,negative,
HIST-00650,user_9804,False,Network/IT,Hostel C,"Network issues persist in hostel, reported multiple times",Critical,Mathematics,1,faculty,2025-10-13T17:02:41,Submitted,neutral,
HIST-00651,user_6593,False,Network/IT,Boys Hostel A,Cannot access internet from hostel room in the evening,Critical,Management,2,student,2026-08-21T22:04:52,Resolved,neutral,Corrective action taken and verified
HIST-00652,user_3397,False,Electricity,Block C Lab,The main electrical panel in Block C needs urgent maintenance,Low,Mathematics,1,student,2026-01-25T01:57:38,Submitted,neutral,
HIST-00653,user_5173,False,Network/IT,Hostel C,The internet bandwidth in hostel is severely throttled after sunset,Medium,Electronics,4,student,2025-10-09T22:32:36,Under Review,neutral,
HIST-00654,user_2180,False,Network/IT,Boys Hostel A,"Network issues persist in hostel, reported multiple times",Low,Management,1,staff,2026-04-27T18:08:42,Under Review,neutral,
HIST-00655,user_5137,False,Transport,Route 3 Stop,Students waiting for Route 3 bus are stranded for over an hour,Medium,Mechanical,2,student,2026-05-16T08:09:34,In Progress,negative,
HIST-00656,user_3038,False,Network/IT,Hostel C,Cannot access internet from hostel room in the evening,Medium,Mathematics,1,faculty,2026-07-21T18:43:19,Submitted,neutral,
HIST-00657,user_7169,False,Infrastructure,Main Building,Benches in the main auditorium are broken,Low,Physics,3,faculty,2025-11-04T12:05:43,In Progress,negative,
HIST-00658,user_7440,False,Infrastructure,Main Building,Benches in the main auditorium are broken,Medium,Mechanical,1,student,2026-05-01T19:57:20,Submitted,negative,
HIST-00659,user_1053,False,Academic,Computer Science Department,The syllabus for second year CS subjects was not updated this semester,Low,Computer Science,2,student,2026-01-03T18:00:31,In Progress,neutral,
HIST-00660,user_2090,False,Water/Sanitation,Auditorium,Washrooms near the auditorium are not cleaned regularly,Low,Physics,1,faculty,2026-03-18T08:05:07,Resolved,neutral,Issue addressed and closed by department
HIST-00661,user_4095,False,Water/Sanitation,Hostel C,No water supply in the hostel from midnight to 6am,Medium,Physics,3,student,2026-08-12T14:42:37,In Progress,negative,
HIST-00662,user_5174,False,Water/Sanitation,Sports Complex,Washrooms near the auditorium are not cleaned regularly,Low,Mathematics,3,faculty,2026-06-14T04:18:00,In Progress,neutral,
HIST-00663,user_9110,False,Electricity,Block C,The electricity in Block C Lab trips without warning,Low,Management,3,student,2025-11-10T13:02:54,Resolved,neutral,Problem fixed following department review
HIST-00664,user_8450,False,Network/IT,Boys Hostel A,WiFi signal is weak and unstable in hostel,Low,Mechanical,2,student,2026-08-26T17:32:49,Under Review,neutral,
HIST-00665,user_5539,False,Electricity,Canteen,Electrical board near the canteen looks dangerous,High,Electronics,3,student,2026-09-06T16:19:14,Under Review,negative,
HIST-00666,user_9374,False,Water/Sanitation,Hostel D,Drinking water supply in hostel corridor taps is inconsistent,Medium,Electronics,2,student,2026-01-26T03:47:11,Closed,negative,Closed without further action required
HIST-00667,user_7889,False,Transport,Main Gate Bus Stop,Route 3 bus is severely overcrowded every morning,Medium,Management,3,student,2026-08-16T03:40:20,In Progress,negative,
HIST-00668,user_4263,False,Electricity,Block C,The main electrical panel in Block C needs urgent maintenance,Low,Chemical,1,student,2026-09-27T13:56:45,In Progress,neutral,
HIST-00669,user_5353,False,Network/IT,Boys Hostel A,Very poor internet speed in Boys Hostel after 5pm,High,Chemical,2,faculty,2026-01-14T18:24:45,Resolved,negative,Issue resolved after maintenance team intervention
HIST-00670,user_1835,False,Transport,Not Applicable,College bus is not air-conditioned and it is very hot,Medium,Computer Science,3,student,2026-05-12T21:40:24,Resolved,neutral,Issue resolved after maintenance team intervention
HIST-00671,user_8007,False,Network/IT,Hostel C,The internet bandwidth in hostel is severely throttled after sunset,High,Mechanical,3,student,2026-05-05T20:05:14,Submitted,neutral,
HIST-00672,user_9020,False,Academic,Computer Science Department,Year 2 CS students have excessive workload with overlapping assignments,Critical,Computer Science,2,student,2025-12-18T03:35:08,Closed,neutral,Closed without further action required
HIST-00673,user_2770,False,Electricity,Block C Lab,Lights keep flickering in Block C during lab sessions,Low,Electronics,4,student,2025-12-19T06:21:36,Submitted,neutral,
HIST-00674,user_8804,False,Network/IT,Hostel C,The internet bandwidth in hostel is severely throttled after sunset,Medium,Computer Science,1,faculty,2026-01-12T18:37:16,In Progress,neutral,
HIST-00675,user_8162,False,Network/IT,Hostel C,Network connectivity in hostel is extremely poor after 6pm,High,Mechanical,2,faculty,2026-04-10T18:58:56,In Progress,negative,
HIST-00676,user_7338,False,Network/IT,Girls Hostel B,Cannot access internet from hostel room in the evening,High,Electronics,1,student,2026-08-05T18:37:20,Closed,neutral,Issue closed after investigation found no violation
HIST-00677,user_6130,False,Water/Sanitation,Girls Hostel B,Hostel water supply disrupted due to maintenance without prior notice,Medium,Computer Science,2,student,2026-02-25T18:21:22,Resolved,neutral,Issue addressed and closed by department
HIST-00678,user_2956,False,Electricity,Block C Classroom,Frequent power cuts in Block C classrooms are disrupting lectures,High,Electronics,3,faculty,2026-05-07T19:52:47,Under Review,neutral,
HIST-00679,user_3289,True,Harassment,Canteen,A group of seniors is creating a hostile environment for juniors,High,Mechanical,3,student,2026-01-06T18:38:02,In Progress,negative,
HIST-00680,user_3967,False,Network/IT,Boys Hostel A,My hostel room has no WiFi signal after 7pm every day,Medium,Computer Science,4,student,2026-08-15T20:22:19,Under Review,neutral,
HIST-00681,user_3013,False,Water/Sanitation,Library,Drainage in the main corridor gets clogged after rain,Medium,Chemical,3,faculty,2026-06-04T11:09:20,In Progress,negative,
HIST-00682,user_6920,True,Harassment,Near Library,Some individuals are targeting students from a specific background,High,Mechanical,4,student,2025-12-29T19:40:02,Resolved,negative,Problem fixed following department review
HIST-00683,user_1892,True,Bullying,Not Applicable,A group of seniors is creating a hostile environment for juniors,High,Chemical,4,student,2026-04-04T11:24:02,Submitted,negative,
HIST-00684,user_1672,False,Infrastructure,Canteen,Parking area is insufficient and poorly organized,Medium,Computer Science,3,student,2025-12-19T13:27:40,In Progress,negative,
HIST-00685,user_2151,False,Transport,Transport Area,We missed exams because Route 3 bus was cancelled without notification,Low,Chemical,4,student,2025-11-06T11:38:36,Resolved,negative,Issue addressed and closed by department
HIST-00686,user_5544,False,Network/IT,Girls Hostel B,Internet not working properly in hostel during evening hours,Medium,Chemical,1,student,2026-08-23T21:37:42,Resolved,negative,Corrective action taken and verified
HIST-00687,user_2760,False,Network/IT,Girls Hostel B,My hostel room has no WiFi signal after 7pm every day,Medium,Mechanical,1,faculty,2026-08-05T19:36:43,Under Review,neutral,
HIST-00688,user_9986,False,Water/Sanitation,Hostel C,Water leaking from pipes in hostel basement for over two weeks,Low,Mathematics,3,student,2026-04-15T10:24:52,Under Review,negative,
HIST-00689,user_9769,True,Bullying,Canteen,Intimidation and threats were made during an event on campus,High,Civil,1,student,2026-07-26T01:00:14,Under Review,negative,
HIST-00690,user_5397,False,Network/IT,Girls Hostel B,WiFi keeps disconnecting in my hostel room,Low,Mathematics,3,student,2026-01-17T18:07:54,In Progress,neutral,
HIST-00691,user_3087,False,Network/IT,Boys Hostel A,My hostel room has no WiFi signal after 7pm every day,Medium,Mechanical,3,student,2026-03-29T17:16:42,Under Review,neutral,
HIST-00692,user_2571,False,Transport,Transport Area,Route 3 bus skips stops without any prior notice,Medium,Mechanical,4,staff,2026-07-28T17:56:49,In Progress,neutral,
HIST-00693,user_7934,False,Water/Sanitation,Hostel D,Sanitation in hostel is poor due to water shortage,Low,Computer Science,1,student,2026-01-21T09:33:17,Submitted,negative,
HIST-00694,user_4356,False,Network/IT,Hostel C,"Network issues persist in hostel, reported multiple times",High,Chemical,1,faculty,2026-06-15T19:13:33,Under Review,neutral,
HIST-00695,user_1654,False,Library,Workshop,Library is too noisy to study in,Critical,Physics,2,student,2025-10-24T09:15:59,Resolved,neutral,Problem fixed following department review
HIST-00696,user_1981,False,Academic,Admin Block,Course curriculum has not been revised in years,Medium,Management,2,student,2025-10-20T05:38:11,In Progress,neutral,
HIST-00697,user_1161,False,Electricity,Block C Lab,Lights keep flickering in Block C during lab sessions,Medium,Electronics,3,student,2026-07-03T07:36:43,Closed,neutral,Closed without further action required
HIST-00698,user_2825,False,Other,Not Applicable,Student ID card issuance is taking too long,Medium,Physics,4,student,2025-10-13T23:14:33,In Progress,neutral,
HIST-00699,user_6531,False,Academic,Computer Science Department,CS department year 2 lab slots keep changing without notice,High,Computer Science,2,student,2026-06-06T20:48:01,Resolved,neutral,Issue addressed and closed by department
HIST-00700,user_5541,False,Electricity,Block C Lab,Electrical wiring in Block C looks damaged and poses a safety hazard,High,Mathematics,1,student,2026-07-03T08:48:24,Resolved,negative,Issue addressed and closed by department
HIST-00701,user_5656,False,Transport,Route 3 Stop,Route 3 bus skips stops without any prior notice,Medium,Electronics,4,faculty,2025-10-26T06:19:39,Submitted,neutral,
HIST-00702,user_8041,False,Academic,Computer Science Department,Year 2 CS students have excessive workload with overlapping assignments,Medium,Computer Science,2,student,2026-05-30T10:13:56,Submitted,neutral,
HIST-00703,user_4943,False,Network/IT,Hostel C,Very poor internet speed in Boys Hostel after 5pm,Medium,Mathematics,4,student,2026-01-08T18:07:46,In Progress,negative,
HIST-00704,user_4776,False,Transport,Route 3 Stop,Route 3 bus schedule has not been updated for months,Low,Computer Science,4,student,2026-04-11T21:30:20,Closed,neutral,Issue closed after investigation found no violation
HIST-00705,user_4611,False,Network/IT,Hostel C,Internet not working properly in hostel during evening hours,Medium,Management,3,student,2026-06-10T18:18:22,Under Review,negative,
HIST-00706,user_5370,False,Network/IT,Hostel C,"Network issues persist in hostel, reported multiple times",Medium,Mathematics,4,staff,2026-04-26T19:29:32,Submitted,neutral,
HIST-00707,user_6792,True,Harassment,Campus Common Area,Inappropriate behavior was noticed near the canteen area,High,Computer Science,3,student,2026-06-23T18:14:34,Resolved,negative,Problem fixed following department review
HIST-00708,user_4872,False,Water/Sanitation,Hostel C,Hostel water supply disrupted due to maintenance without prior notice,Medium,Electronics,1,student,2026-06-25T08:35:34,Resolved,neutral,Issue resolved after maintenance team intervention
HIST-00709,user_3485,False,Network/IT,Girls Hostel B,Internet not working properly in hostel during evening hours,Medium,Mathematics,2,staff,2026-01-08T20:07:52,Submitted,negative,
HIST-00710,user_1376,False,Transport,Academic Block A,Shuttle service between campus buildings has been discontinued,Medium,Electronics,2,staff,2026-05-14T02:54:04,Resolved,neutral,Problem fixed following department review
HIST-00711,user_6189,False,Water/Sanitation,Girls Hostel B,The overhead water tank in hostel is not being filled regularly,Medium,Mechanical,3,faculty,2026-07-26T09:39:38,Resolved,neutral,Resolved after escalation to concerned authority
HIST-00712,user_4602,False,Water/Sanitation,Hostel C,Hostel water supply is completely cut off during weekends,Medium,Electronics,3,student,2025-11-02T22:28:20,Closed,negative,Issue closed after investigation found no violation
HIST-00713,user_3815,False,Network/IT,Girls Hostel B,The internet bandwidth in hostel is severely throttled after sunset,Low,Computer Science,4,student,2026-09-02T19:36:27,Resolved,neutral,Issue resolved after maintenance team intervention
HIST-00714,user_7279,False,Other,Seminar Hall,Student ID card issuance is taking too long,Medium,Electronics,4,student,2026-08-29T17:09:02,In Progress,neutral,
HIST-00715,user_4328,False,Water/Sanitation,Boys Hostel A,Drinking water supply in hostel corridor taps is inconsistent,Medium,Mathematics,1,student,2026-09-12T13:06:53,Resolved,negative,Corrective action taken and verified
HIST-00716,user_9875,True,Harassment,Canteen,Intimidation and threats were made during an event on campus,High,Management,3,student,2026-07-01T15:59:02,Under Review,negative,
HIST-00717,user_1285,False,Electricity,Block C Lab,We experience load shedding only in Block C every afternoon,Low,Physics,4,faculty,2026-06-11T16:14:54,Submitted,neutral,
HIST-00718,user_3627,False,Water/Sanitation,New Hostel Block,Sanitation in hostel is poor due to water shortage,High,Computer Science,4,student,2025-11-25T12:37:45,Submitted,negative,
HIST-00719,user_2493,False,Water/Sanitation,Hostel D,Drinking water supply in hostel corridor taps is inconsistent,High,Physics,4,student,2026-07-12T15:39:23,Resolved,negative,Resolved after escalation to concerned authority
HIST-00720,user_5419,False,Water/Sanitation,Hostel C,Sanitation in hostel is poor due to water shortage,Low,Mathematics,3,student,2026-01-23T05:56:45,Submitted,negative,
HIST-00721,user_8966,False,Academic,Computer Science Department,The project guidelines for second year CS course are unclear,Low,Computer Science,2,student,2026-04-15T21:29:38,Resolved,neutral,Resolved after escalation to concerned authority
HIST-00722,user_3040,False,Network/IT,Boys Hostel A,The internet bandwidth in hostel is severely throttled after sunset,Low,Civil,3,student,2026-05-28T17:36:41,In Progress,neutral,
HIST-00723,user_2567,False,Library,Auditorium,Library is too noisy to study in,High,Electronics,3,student,2026-06-15T08:43:30,Resolved,neutral,Resolved after escalation to concerned authority
HIST-00724,user_5033,False,Maintenance,Academic Block B,Paint is peeling off walls in the main corridor,Medium,Electronics,1,staff,2025-12-31T14:57:01,Under Review,negative,
HIST-00725,user_7658,False,Network/IT,Girls Hostel B,WiFi signal is weak and unstable in hostel,High,Computer Science,1,student,2025-10-09T17:59:54,Resolved,neutral,Resolved after escalation to concerned authority
HIST-00726,user_4620,False,Water/Sanitation,Boys Hostel A,Water pressure in hostel is too low to use showers,Low,Physics,3,staff,2025-11-22T16:14:28,Resolved,neutral,Issue addressed and closed by department
HIST-00727,user_4965,False,Electricity,Block C,Block C classroom fans and lights stop working randomly,Low,Chemical,3,faculty,2026-06-05T08:39:51,Closed,neutral,Withdrawn by submitter
HIST-00728,user_8528,False,Electricity,Block C Classroom,Electrical wiring in Block C looks damaged and poses a safety hazard,Medium,Mathematics,1,faculty,2026-04-07T05:55:58,Closed,negative,Withdrawn by submitter
HIST-00729,user_3713,False,Network/IT,Boys Hostel A,Internet speed drops drastically at night in hostel,Medium,Physics,1,student,2026-04-02T21:16:35,Resolved,neutral,Issue addressed and closed by department
HIST-00730,user_3843,False,Water/Sanitation,Hostel D,No water supply in the hostel from midnight to 6am,High,Computer Science,4,student,2026-08-13T03:39:56,Closed,negative,Issue closed after investigation found no violation
HIST-00731,user_4610,False,Electricity,Block C Classroom,Power supply in Block C cuts off multiple times a day,Medium,Physics,1,staff,2026-08-23T22:18:42,In Progress,neutral,
HIST-00732,user_5578,False,Network/IT,Boys Hostel A,The internet bandwidth in hostel is severely throttled after sunset,Low,Physics,1,staff,2026-09-04T22:08:44,In Progress,neutral,
HIST-00733,user_2759,False,Water/Sanitation,Hostel D,Water pressure in hostel is too low to use showers,Medium,Mechanical,1,student,2026-01-25T02:08:21,Resolved,neutral,Corrective action taken and verified
HIST-00734,user_1051,False,Network/IT,Boys Hostel A,"Network issues persist in hostel, reported multiple times",Low,Mathematics,2,student,2026-04-01T19:10:25,Resolved,neutral,Issue resolved after maintenance team intervention
HIST-00735,user_4912,False,Hostel,Academic Block B,Hostel rooms have insufficient lighting,High,Physics,3,staff,2026-09-22T00:31:29,Closed,negative,Withdrawn by submitter
HIST-00736,user_6054,False,Water/Sanitation,Boys Hostel A,Hostel water supply disrupted due to maintenance without prior notice,Low,Physics,1,staff,2026-04-06T04:13:17,In Progress,neutral,
HIST-00737,user_8130,False,Water/Sanitation,New Hostel Block,Water pressure in hostel is too low to use showers,Medium,Computer Science,4,staff,2026-07-28T03:40:09,In Progress,neutral,
HIST-00738,user_7335,False,Academic,Auditorium,Lab equipment is outdated and insufficient for practicals,Medium,Physics,4,student,2025-12-21T14:06:16,Resolved,negative,Problem fixed following department review
HIST-00739,user_8309,False,Network/IT,Admin Block,Campus Wi-Fi password was changed without informing students,Medium,Mechanical,3,staff,2026-01-11T10:36:52,Under Review,neutral,
HIST-00740,user_4496,False,Electricity,Block C,Lights keep flickering in Block C during lab sessions,Critical,Electronics,4,student,2026-01-19T02:04:31,In Progress,neutral,
HIST-00741,user_4804,False,Network/IT,Boys Hostel A,My hostel room has no WiFi signal after 7pm every day,Low,Mathematics,1,student,2025-12-05T22:15:33,Under Review,neutral,
HIST-00742,user_2644,False,Infrastructure,Main Building,Pathway between departments is flooded after rain,Critical,Mechanical,4,student,2026-05-15T07:25:31,Under Review,negative,
HIST-00743,user_2343,False,Transport,Main Gate Bus Stop,Route 3 bus schedule has not been updated for months,Medium,Civil,2,student,2026-04-08T00:37:06,Under Review,neutral,
HIST-00744,user_7693,False,Academic,Computer Science Department,Faculty for second year Computer Science subjects is frequently absent,Low,Computer Science,2,student,2026-03-18T05:28:46,In Progress,negative,
HIST-00745,user_8276,False,Transport,Route 3 Stop,Bus on Route 3 is always late by 30 to 45 minutes,Low,Chemical,3,faculty,2026-01-27T07:24:37,Resolved,negative,Corrective action taken and verified
HIST-00746,user_8250,True,Bullying,Hostel,Inappropriate behavior was noticed near the canteen area,High,Management,4,student,2026-02-11T23:44:17,In Progress,negative,
HIST-00747,user_3463,False,Network/IT,Girls Hostel B,Hostel WiFi becomes very slow in the evening,High,Mathematics,2,faculty,2026-06-03T17:49:37,Under Review,negative,
HIST-00748,user_7299,False,Water/Sanitation,Hostel C,Hostel water supply disrupted due to maintenance without prior notice,Low,Physics,4,student,2026-06-29T23:21:50,Submitted,neutral,
HIST-00749,user_7228,False,Academic,Computer Science Department,Second year CS students are not getting study materials on time,Medium,Computer Science,2,student,2026-02-09T16:14:42,In Progress,neutral,
HIST-00750,user_1377,False,Electricity,Block C Classroom,Block C classroom fans and lights stop working randomly,Medium,Chemical,2,faculty,2025-12-12T00:52:09,Resolved,neutral,Issue addressed and closed by department
HIST-00751,user_9868,False,Network/IT,Hostel C,Cannot access internet from hostel room in the evening,Critical,Mathematics,3,faculty,2026-04-10T22:41:47,Under Review,neutral,
HIST-00752,user_5451,False,Academic,Library,Lab equipment is outdated and insufficient for practicals,Medium,Computer Science,3,student,2025-12-27T15:19:11,In Progress,negative,
HIST-00753,user_4360,False,Academic,Computer Science Department,Year 2 CS students have excessive workload with overlapping assignments,Medium,Computer Science,2,student,2026-05-10T09:51:47,Resolved,neutral,Corrective action taken and verified
HIST-00754,user_9053,False,Electricity,Block C Classroom,The main electrical panel in Block C needs urgent maintenance,High,Mathematics,2,student,2026-08-14T23:49:28,Under Review,neutral,
HIST-00755,user_8154,False,Academic,Computer Science Department,Faculty for second year Computer Science subjects is frequently absent,Low,Computer Science,2,student,2025-12-28T17:17:00,Submitted,negative,
HIST-00756,user_9584,False,Maintenance,Not Applicable,Paint is peeling off walls in the main corridor,Low,Electronics,2,student,2026-07-22T20:24:36,Closed,negative,Withdrawn by submitter
HIST-00757,user_6608,False,Academic,Computer Science Department,The syllabus for second year CS subjects was not updated this semester,Medium,Computer Science,2,student,2025-11-19T10:47:21,Submitted,neutral,
HIST-00758,user_6276,False,Other,Auditorium,Campus events are not announced with sufficient advance notice,Critical,Computer Science,2,staff,2026-02-06T11:46:07,Submitted,neutral,
HIST-00759,user_1339,False,Electricity,Auditorium,Power outlets in the library are insufficient,Medium,Electronics,2,student,2026-01-19T15:23:53,Resolved,negative,Resolved after escalation to concerned authority
HIST-00760,user_9176,False,Water/Sanitation,Hostel C,Drinking water supply in hostel corridor taps is inconsistent,Medium,Civil,2,staff,2026-03-13T22:28:36,Resolved,negative,Issue resolved after maintenance team intervention
HIST-00761,user_9315,False,Electricity,Auditorium,Electrical board near the canteen looks dangerous,Medium,Mathematics,1,student,2026-02-23T07:09:59,Under Review,negative,
HIST-00762,user_7355,True,Harassment,Hostel,A group of seniors is creating a hostile environment for juniors,Medium,Physics,3,student,2026-01-31T13:02:43,Submitted,negative,
HIST-00763,user_8244,False,Network/IT,Boys Hostel A,"Network issues persist in hostel, reported multiple times",High,Physics,4,student,2026-06-14T22:00:57,Resolved,neutral,Problem fixed following department review
HIST-00764,user_4366,False,Network/IT,Boys Hostel A,Cannot access internet from hostel room in the evening,Low,Physics,2,staff,2026-07-23T22:44:12,In Progress,neutral,
HIST-00765,user_7110,False,Academic,Computer Science Department,CS department year 2 lab slots keep changing without notice,Medium,Computer Science,2,student,2026-01-20T22:57:37,Resolved,neutral,Issue addressed and closed by department
HIST-00766,user_3367,True,Bullying,Hostel,Some individuals are targeting students from a specific background,Medium,Computer Science,3,student,2026-06-04T17:27:58,Submitted,negative,
HIST-00767,user_2267,True,Bullying,Canteen,There is ongoing bullying in the hostel common room,Medium,Mathematics,1,student,2026-08-06T04:28:59,Resolved,negative,Issue addressed and closed by department
HIST-00768,user_7187,False,Transport,Auditorium,Shuttle service between campus buildings has been discontinued,Critical,Mechanical,4,student,2025-11-09T08:28:41,Closed,neutral,Closed without further action required
HIST-00769,user_3758,False,Transport,Route 3 Stop,Route 3 bus skips stops without any prior notice,Medium,Physics,2,student,2026-07-16T12:16:16,Under Review,neutral,
HIST-00770,user_7619,False,Network/IT,Girls Hostel B,WiFi signal is weak and unstable in hostel,Critical,Computer Science,3,student,2026-07-22T19:21:19,Closed,neutral,Issue closed after investigation found no violation
HIST-00771,user_4393,True,Harassment,Near Library,Inappropriate behavior was noticed near the canteen area,Critical,Mathematics,4,student,2026-06-30T03:59:44,Resolved,negative,Corrective action taken and verified
HIST-00772,user_4570,False,Network/IT,Hostel C,Very poor internet speed in Boys Hostel after 5pm,Medium,Civil,4,student,2026-03-23T19:55:37,Submitted,negative,
HIST-00773,user_6148,False,Electricity,Block C,Frequent power cuts in Block C classrooms are disrupting lectures,Low,Mechanical,4,student,2026-01-07T10:47:10,Resolved,neutral,Issue addressed and closed by department
HIST-00774,user_6787,False,Water/Sanitation,Girls Hostel B,Hot water facility in hostel is non-functional during winter mornings,High,Management,3,student,2026-04-06T16:59:22,Closed,negative,Withdrawn by submitter
HIST-00775,user_7637,False,Network/IT,Hostel C,Hostel WiFi becomes very slow in the evening,Medium,Physics,2,student,2026-01-09T18:21:41,In Progress,negative,
HIST-00776,user_5491,False,Network/IT,Boys Hostel A,Cannot access internet from hostel room in the evening,Medium,Mathematics,2,student,2026-05-30T22:53:19,Submitted,neutral,
HIST-00777,user_5075,False,Electricity,Block C Lab,Power supply in Block C cuts off multiple times a day,High,Electronics,4,student,2026-04-06T17:21:42,Submitted,neutral,
HIST-00778,user_5762,False,Academic,Computer Science Department,Mid-semester exams clashed for second year CS department students,Low,Computer Science,2,student,2026-03-13T05:48:57,Submitted,neutral,
HIST-00779,user_4782,False,Network/IT,Hostel C,WiFi signal is weak and unstable in hostel,High,Physics,4,faculty,2026-03-30T19:09:17,Closed,neutral,Closed without further action required
HIST-00780,user_7216,False,Hostel,Seminar Hall,Common room TV has been broken for over a month,Medium,Physics,3,student,2026-07-26T01:50:55,Resolved,negative,Problem fixed following department review
HIST-00781,user_8695,False,Canteen,Not Applicable,Canteen food prices have increased without any notice,Medium,Civil,4,faculty,2026-05-11T19:12:54,Closed,neutral,Closed without further action required
HIST-00782,user_1397,False,Water/Sanitation,Girls Hostel B,Water pressure in hostel is too low to use showers,High,Management,1,student,2026-07-09T20:31:29,Closed,neutral,Closed without further action required
HIST-00783,user_4998,False,Electricity,Block C Classroom,Frequent power cuts in Block C classrooms are disrupting lectures,High,Civil,3,faculty,2025-12-28T01:08:09,In Progress,neutral,
HIST-00784,user_2059,False,Water/Sanitation,Girls Hostel B,Hostel water supply disrupted due to maintenance without prior notice,High,Mechanical,4,student,2026-01-14T17:54:17,Resolved,neutral,Resolved after escalation to concerned authority
HIST-00785,user_8409,False,Electricity,Canteen,Generator backup is slow during power outages,Low,Physics,1,staff,2025-11-22T08:46:22,Under Review,negative,
HIST-00786,user_1358,False,Academic,Computer Science Department,Second year CS students are not getting study materials on time,Low,Computer Science,2,student,2025-11-14T18:39:26,Resolved,neutral,Resolved after escalation to concerned authority
HIST-00787,user_7371,False,Transport,Transport Area,The college bus on Route 3 frequently breaks down,Low,Mathematics,3,faculty,2026-04-02T03:07:10,In Progress,neutral,
HIST-00788,user_6655,False,Hostel,Canteen,Common room TV has been broken for over a month,Medium,Management,2,student,2026-09-07T20:44:26,Under Review,negative,
HIST-00789,user_6890,False,Electricity,Block C Lab,We experience load shedding only in Block C every afternoon,Medium,Physics,4,student,2026-06-21T04:09:35,Closed,neutral,Issue closed after investigation found no violation
HIST-00790,user_7241,False,Canteen,Not Applicable,Canteen is too crowded during lunch break,Low,Mathematics,3,student,2026-08-08T15:22:02,Submitted,negative,
HIST-00791,user_1335,False,Network/IT,Canteen,Campus Wi-Fi password was changed without informing students,Medium,Electronics,3,staff,2026-04-06T10:28:44,Resolved,neutral,Issue addressed and closed by department
HIST-00792,user_9043,False,Hostel,Auditorium,Pest infestation noticed in hostel rooms,Low,Civil,4,student,2025-11-08T01:49:29,Resolved,negative,Resolved after escalation to concerned authority
HIST-00793,user_8148,False,Electricity,Block C,Lights keep flickering in Block C during lab sessions,Medium,Electronics,3,faculty,2026-09-08T15:07:18,Resolved,neutral,Corrective action taken and verified
HIST-00794,user_8296,False,Water/Sanitation,Boys Hostel A,Hot water facility in hostel is non-functional during winter mornings,Low,Physics,4,faculty,2026-04-12T14:21:49,Submitted,negative,
HIST-00795,user_7949,False,Electricity,Block C Classroom,Frequent power cuts in Block C classrooms are disrupting lectures,Critical,Electronics,1,student,2026-03-13T13:11:26,Resolved,neutral,Issue resolved after maintenance team intervention
HIST-00796,user_2465,False,Academic,Sports Complex,Lab equipment is outdated and insufficient for practicals,High,Management,1,student,2026-04-22T08:52:14,Under Review,negative,
HIST-00797,user_8165,False,Network/IT,Hostel C,Cannot access internet from hostel room in the evening,Medium,Management,4,faculty,2026-03-24T18:47:55,Resolved,neutral,Issue addressed and closed by department
HIST-00798,user_5176,False,Academic,Computer Science Department,Second year CS students are not getting study materials on time,High,Computer Science,2,student,2026-08-20T18:51:58,In Progress,neutral,
HIST-00799,user_6705,False,Transport,Transport Area,The college bus on Route 3 frequently breaks down,High,Civil,1,student,2025-10-15T01:07:05,Resolved,neutral,Issue resolved after maintenance team intervention
HIST-00800,user_4744,False,Infrastructure,Academic Block B,Benches in the main auditorium are broken,High,Mechanical,3,student,2026-07-09T19:58:09,Resolved,negative,Resolved after escalation to concerned authority
HIST-00801,user_5409,False,Water/Sanitation,Girls Hostel B,Hot water facility in hostel is non-functional during winter mornings,Medium,Electronics,1,faculty,2026-04-26T01:41:42,Resolved,negative,Issue resolved after maintenance team intervention
HIST-00802,user_7006,False,Electricity,Block C,The main electrical panel in Block C needs urgent maintenance,Low,Electronics,2,student,2025-10-26T15:21:33,In Progress,neutral,
HIST-00803,user_5257,False,Water/Sanitation,Boys Hostel A,Hot water facility in hostel is non-functional during winter mornings,Low,Electronics,2,student,2026-01-08T13:50:46,Resolved,negative,Corrective action taken and verified
HIST-00804,user_8840,False,Network/IT,Girls Hostel B,Network connectivity in hostel is extremely poor after 6pm,Critical,Civil,3,staff,2026-04-22T19:54:05,Under Review,negative,
HIST-00805,user_3590,False,Transport,Main Gate Bus Stop,Bus driver on Route 3 drives rashly and it is very unsafe,Medium,Physics,3,student,2026-05-02T14:09:57,Closed,negative,Withdrawn by submitter
HIST-00806,user_3761,False,Transport,Main Gate Bus Stop,The college bus on Route 3 frequently breaks down,Low,Electronics,2,student,2026-09-09T07:22:56,Submitted,neutral,
HIST-00807,user_4590,False,Water/Sanitation,Boys Hostel A,Water leaking from pipes in hostel basement for over two weeks,Low,Physics,4,student,2026-07-06T18:48:18,Under Review,negative,
HIST-00808,user_9473,False,Canteen,Workshop,Canteen food prices have increased without any notice,Medium,Physics,4,student,2025-12-22T01:14:16,Submitted,neutral,
HIST-00809,user_9698,False,Water/Sanitation,Workshop,Water cooler on second floor of academic block is not working,Medium,Physics,4,student,2025-11-17T08:30:59,Submitted,negative,
HIST-00810,user_4206,False,Maintenance,Sports Complex,Door handles in classrooms are broken,Low,Management,2,student,2026-02-02T13:41:44,Under Review,negative,
HIST-00811,user_1594,False,Academic,Computer Science Department,The syllabus for second year CS subjects was not updated this semester,Low,Computer Science,2,student,2026-02-20T22:50:04,In Progress,neutral,
HIST-00812,user_7249,False,Academic,Computer Science Department,The syllabus for second year CS subjects was not updated this semester,High,Computer Science,2,student,2026-04-17T16:59:34,Resolved,neutral,Issue resolved after maintenance team intervention
HIST-00813,user_6973,False,Transport,Route 3 Stop,Bus driver on Route 3 drives rashly and it is very unsafe,High,Mathematics,4,faculty,2025-10-10T23:35:01,In Progress,negative,
HIST-00814,user_1786,True,Bullying,Near Library,Inappropriate behavior was noticed near the canteen area,Critical,Electronics,3,student,2025-11-01T09:54:21,In Progress,negative,
HIST-00815,user_4745,False,Water/Sanitation,New Hostel Block,Sanitation in hostel is poor due to water shortage,High,Civil,2,student,2026-09-16T09:54:12,Submitted,negative,
HIST-00816,user_2474,False,Water/Sanitation,Girls Hostel B,Water leaking from pipes in hostel basement for over two weeks,Low,Management,2,student,2025-11-24T15:56:38,In Progress,negative,
HIST-00817,user_3601,False,Maintenance,Admin Block,Door handles in classrooms are broken,High,Electronics,1,student,2025-12-21T18:45:46,Submitted,negative,
HIST-00818,user_2513,False,Other,Main Building,Communication from admin about events is unclear,High,Civil,1,student,2026-05-25T04:17:51,Resolved,neutral,Problem fixed following department review
HIST-00819,user_1820,False,Water/Sanitation,Hostel D,Drinking water supply in hostel corridor taps is inconsistent,Low,Chemical,2,student,2026-05-24T04:27:06,Submitted,negative,
HIST-00820,user_5102,False,Water/Sanitation,Hostel D,No water supply in the hostel from midnight to 6am,Low,Chemical,3,student,2025-12-02T23:34:21,Resolved,negative,Issue resolved after maintenance team intervention
HIST-00821,user_2298,True,Bullying,Hostel,Some individuals are targeting students from a specific background,Low,Electronics,3,student,2026-07-01T06:10:46,Submitted,negative,
HIST-00822,user_9605,False,Academic,Computer Science Department,CS department year 2 lab slots keep changing without notice,Low,Computer Science,2,student,2026-01-16T19:55:43,Resolved,neutral,Resolved after escalation to concerned authority
HIST-00823,user_5180,False,Water/Sanitation,Admin Block,Washrooms near the auditorium are not cleaned regularly,High,Civil,3,student,2025-10-23T13:28:30,Under Review,neutral,
HIST-00824,user_8423,False,Transport,Transport Area,We missed exams because Route 3 bus was cancelled without notification,Low,Computer Science,1,student,2026-09-13T00:22:26,In Progress,negative,
HIST-00825,user_3441,False,Electricity,Block C Classroom,Power supply in Block C cuts off multiple times a day,High,Mathematics,4,staff,2026-04-28T17:11:54,Resolved,neutral,Issue addressed and closed by department
HIST-00826,user_5803,False,Transport,Main Gate Bus Stop,Bus on Route 3 is always late by 30 to 45 minutes,Medium,Computer Science,3,student,2025-12-19T15:11:01,Resolved,negative,Corrective action taken and verified
HIST-00827,user_3320,False,Electricity,Block C Lab,The main electrical panel in Block C needs urgent maintenance,Medium,Mechanical,1,student,2025-10-14T01:41:19,Closed,neutral,Closed without further action required
HIST-00828,user_8141,False,Network/IT,Boys Hostel A,Hostel network is almost unusable at night,High,Computer Science,3,student,2026-02-22T22:47:43,Resolved,negative,Resolved after escalation to concerned authority
HIST-00829,user_5563,False,Network/IT,Sports Complex,Campus Wi-Fi password was changed without informing students,Medium,Management,3,faculty,2026-03-03T13:31:59,In Progress,neutral,
HIST-00830,user_4047,False,Network/IT,Boys Hostel A,Hostel network is almost unusable at night,Low,Management,2,student,2026-04-17T17:54:11,Submitted,negative,
HIST-00831,user_4753,False,Academic,Computer Science Department,CS department year 2 lab slots keep changing without notice,Low,Computer Science,2,student,2025-12-20T02:18:54,Under Review,neutral,
HIST-00832,user_7708,False,Network/IT,Girls Hostel B,The internet bandwidth in hostel is severely throttled after sunset,High,Civil,3,student,2026-03-21T22:31:07,Resolved,neutral,Corrective action taken and verified
HIST-00833,user_6105,False,Electricity,Block C Classroom,Faulty wiring in Block C caused a short circuit last week,Low,Management,3,student,2026-05-14T11:52:10,Closed,negative,Closed without further action required
HIST-00834,user_3730,False,Electricity,Block C Classroom,Frequent power cuts in Block C classrooms are disrupting lectures,High,Electronics,1,faculty,2025-10-30T21:08:36,Submitted,neutral,
HIST-00835,user_9528,False,Academic,Admin Block,Attendance records show errors in the portal,Medium,Mathematics,2,student,2026-03-01T10:31:42,Under Review,negative,
HIST-00836,user_2094,False,Electricity,Block C Lab,The main electrical panel in Block C needs urgent maintenance,Low,Civil,2,student,2026-02-08T06:19:28,In Progress,neutral,
HIST-00837,user_4798,False,Transport,Transport Area,Bus on Route 3 is always late by 30 to 45 minutes,Medium,Management,3,student,2026-03-25T08:23:31,Resolved,negative,Issue addressed and closed by department
HIST-00838,user_2511,False,Network/IT,Boys Hostel A,The internet bandwidth in hostel is severely throttled after sunset,Medium,Physics,2,student,2026-09-26T20:07:29,Resolved,neutral,Issue resolved after maintenance team intervention
HIST-00839,user_1854,False,Network/IT,Sports Complex,Computer lab systems frequently crash during practical exams,Medium,Physics,2,staff,2026-06-26T13:21:46,In Progress,negative,
HIST-00840,user_3882,False,Academic,Seminar Hall,Attendance records show errors in the portal,Critical,Management,3,student,2025-10-17T01:30:07,Resolved,negative,Resolved after escalation to concerned authority
HIST-00841,user_5722,False,Academic,Computer Science Department,CS department year 2 lab slots keep changing without notice,Critical,Computer Science,2,student,2026-06-04T23:34:11,Resolved,neutral,Issue resolved after maintenance team intervention
HIST-00842,user_9977,False,Network/IT,Girls Hostel B,Hostel WiFi becomes very slow in the evening,Medium,Chemical,4,student,2025-10-24T19:53:18,Under Review,negative,
HIST-00843,user_8704,True,Harassment,Not Applicable,Verbal harassment occurred in a common area on campus,Low,Mathematics,4,student,2026-03-26T21:35:41,Under Review,negative,
HIST-00844,user_7934,False,Network/IT,Boys Hostel A,WiFi signal is weak and unstable in hostel,Low,Electronics,1,student,2026-09-09T19:08:24,Resolved,neutral,Corrective action taken and verified
HIST-00845,user_3751,False,Academic,Computer Science Department,Second year CS students are not getting study materials on time,Low,Computer Science,2,student,2026-04-27T10:59:03,Resolved,neutral,Resolved after escalation to concerned authority
HIST-00846,user_4870,True,Harassment,Hostel,Some individuals are targeting students from a specific background,Critical,Computer Science,1,student,2026-09-02T07:46:07,Submitted,negative,
HIST-00847,user_1281,False,Transport,Route 3 Stop,Bus driver on Route 3 drives rashly and it is very unsafe,Low,Chemical,3,student,2026-03-06T22:57:02,Submitted,negative,
HIST-00848,user_4201,False,Water/Sanitation,Hostel C,Water leaking from pipes in hostel basement for over two weeks,Medium,Physics,3,faculty,2026-01-21T03:42:39,In Progress,negative,
HIST-00849,user_2262,False,Electricity,Block C Lab,Faulty wiring in Block C caused a short circuit last week,High,Chemical,1,student,2025-12-12T17:01:38,Resolved,negative,Corrective action taken and verified
HIST-00850,user_2103,False,Transport,Transport Area,Bus on Route 3 is always late by 30 to 45 minutes,Medium,Electronics,2,student,2026-06-24T08:03:48,Under Review,negative,
HIST-00851,user_2663,False,Hostel,Not Applicable,Hostel rooms have insufficient lighting,Medium,Chemical,2,student,2026-01-17T01:32:36,Closed,negative,Closed without further action required
HIST-00852,user_5408,False,Water/Sanitation,Boys Hostel A,Hostel bathrooms have intermittent water availability,Low,Electronics,2,student,2026-04-22T21:43:16,Closed,neutral,Closed without further action required
HIST-00853,user_3928,False,Transport,Route 3 Stop,We missed exams because Route 3 bus was cancelled without notification,Medium,Mathematics,2,faculty,2026-04-11T13:09:56,In Progress,negative,
HIST-00854,user_9748,False,Academic,Computer Science Department,Faculty for second year Computer Science subjects is frequently absent,High,Computer Science,2,student,2026-01-28T23:45:29,Resolved,negative,Problem fixed following department review
HIST-00855,user_3033,False,Academic,Sports Complex,Course curriculum has not been revised in years,Critical,Chemical,2,faculty,2026-07-11T13:22:45,Resolved,neutral,Corrective action taken and verified
HIST-00856,user_8578,False,Canteen,Not Applicable,Canteen hygiene standards need improvement,Low,Chemical,2,student,2026-08-05T17:41:08,Under Review,neutral,
HIST-00857,user_7044,False,Transport,Not Applicable,Bus timings are not aligned with class schedules,Low,Mechanical,3,staff,2025-11-26T18:32:46,Submitted,neutral,
HIST-00858,user_3931,False,Electricity,Sports Complex,Electrical board near the canteen looks dangerous,Medium,Civil,2,student,2026-08-31T06:49:10,Resolved,negative,Resolved after escalation to concerned authority
HIST-00859,user_3502,False,Network/IT,Girls Hostel B,Internet not working properly in hostel during evening hours,Medium,Physics,1,faculty,2026-08-29T22:54:34,In Progress,negative,
HIST-00860,user_9743,False,Transport,Transport Area,Route 3 bus is severely overcrowded every morning,Low,Physics,1,student,2025-12-12T05:13:49,Submitted,negative,
HIST-00861,user_4060,False,Network/IT,Hostel C,The internet bandwidth in hostel is severely throttled after sunset,Critical,Management,3,faculty,2026-05-26T19:14:40,Resolved,neutral,Problem fixed following department review
HIST-00862,user_5024,False,Network/IT,Library,Computer lab systems frequently crash during practical exams,Medium,Chemical,3,student,2026-01-21T07:00:17,Submitted,negative,
HIST-00863,user_1143,False,Electricity,Not Applicable,Electrical board near the canteen looks dangerous,High,Physics,1,staff,2026-08-02T11:09:23,In Progress,negative,
HIST-00864,user_6332,False,Electricity,Workshop,Generator backup is slow during power outages,Medium,Management,1,staff,2026-04-10T01:08:23,Resolved,negative,Problem fixed following department review
HIST-00865,user_3814,False,Academic,Computer Science Department,Mid-semester exams clashed for second year CS department students,High,Computer Science,2,student,2026-05-15T12:37:16,Resolved,neutral,Resolved after escalation to concerned authority
HIST-00866,user_5461,False,Water/Sanitation,Boys Hostel A,Sanitation in hostel is poor due to water shortage,High,Mechanical,1,staff,2026-06-17T19:08:10,Under Review,negative,
HIST-00867,user_9409,False,Other,Main Building,Communication from admin about events is unclear,Low,Chemical,1,student,2026-03-28T07:40:38,Submitted,neutral,
HIST-00868,user_1339,False,Academic,Library,Lab equipment is outdated and insufficient for practicals,Medium,Management,3,student,2026-04-02T17:06:23,Resolved,negative,Issue addressed and closed by department
HIST-00869,user_9206,False,Electricity,Block C Lab,Faulty wiring in Block C caused a short circuit last week,Critical,Chemical,2,student,2026-03-28T07:13:19,Closed,negative,Closed without further action required
HIST-00870,user_9265,False,Academic,Computer Science Department,The syllabus for second year CS subjects was not updated this semester,Medium,Computer Science,2,student,2026-06-20T18:20:48,Resolved,neutral,Resolved after escalation to concerned authority
HIST-00871,user_1931,False,Electricity,Block C,Electrical wiring in Block C looks damaged and poses a safety hazard,Medium,Physics,2,faculty,2026-04-24T07:15:45,Submitted,negative,
HIST-00872,user_7452,False,Transport,Academic Block A,College bus is not air-conditioned and it is very hot,Medium,Management,2,faculty,2026-02-12T16:21:36,Under Review,neutral,
HIST-00873,user_3211,True,Bullying,Campus Common Area,Inappropriate behavior was noticed near the canteen area,Critical,Civil,2,student,2026-01-21T00:34:22,Submitted,negative,
HIST-00874,user_3736,False,Water/Sanitation,Hostel C,No water supply in the hostel from midnight to 6am,Critical,Civil,4,staff,2026-05-17T01:36:40,Resolved,negative,Corrective action taken and verified
HIST-00875,user_1792,False,Network/IT,Hostel C,My hostel room has no WiFi signal after 7pm every day,Medium,Management,3,staff,2026-05-15T18:46:03,Resolved,neutral,Issue addressed and closed by department
HIST-00876,user_8685,False,Library,Sports Complex,New edition textbooks are not available in the library,Medium,Mathematics,4,staff,2025-12-31T19:16:08,Resolved,neutral,Problem fixed following department review
HIST-00877,user_3554,False,Water/Sanitation,Hostel C,Water pressure in hostel is too low to use showers,High,Physics,3,student,2026-05-04T16:12:00,Under Review,neutral,
HIST-00878,user_3167,True,Harassment,Near Library,Verbal harassment occurred in a common area on campus,Critical,Physics,2,student,2026-03-22T01:21:44,In Progress,negative,
HIST-00879,user_4963,False,Infrastructure,Auditorium,Roof of the old building is leaking during rains,Low,Electronics,2,faculty,2026-08-15T15:36:28,Resolved,negative,Corrective action taken and verified
HIST-00880,user_7016,False,Electricity,Block C Lab,Block C classroom fans and lights stop working randomly,Medium,Physics,1,student,2026-06-16T22:09:39,Under Review,neutral,
HIST-00881,user_5575,False,Maintenance,Academic Block A,Window panes in the library reading room are broken,Low,Physics,1,staff,2026-09-08T08:08:08,In Progress,negative,
HIST-00882,user_8576,False,Electricity,Block C Classroom,Lights keep flickering in Block C during lab sessions,Critical,Electronics,3,student,2026-05-29T00:08:39,In Progress,neutral,
HIST-00883,user_5027,False,Network/IT,Boys Hostel A,Hostel WiFi becomes very slow in the evening,Low,Physics,2,student,2026-05-16T19:30:35,In Progress,negative,
HIST-00884,user_8453,False,Transport,Main Gate Bus Stop,The college bus on Route 3 frequently breaks down,Medium,Management,4,student,2026-05-08T15:01:19,Resolved,neutral,Problem fixed following department review
HIST-00885,user_3869,False,Water/Sanitation,Hostel D,No water supply in the hostel from midnight to 6am,Critical,Computer Science,2,faculty,2025-11-22T09:15:38,Submitted,negative,
HIST-00886,user_2800,False,Network/IT,Hostel C,Internet speed drops drastically at night in hostel,Low,Civil,4,student,2026-03-12T19:52:29,Resolved,neutral,Problem fixed following department review
HIST-00887,user_5066,False,Other,Seminar Hall,Communication from admin about events is unclear,Low,Chemical,1,student,2025-10-22T16:22:47,Resolved,neutral,Problem fixed following department review
HIST-00888,user_3655,False,Water/Sanitation,Hostel D,Hostel bathrooms have intermittent water availability,Medium,Physics,3,faculty,2026-09-08T04:34:03,Submitted,neutral,
HIST-00889,user_1692,True,Harassment,Campus Common Area,Inappropriate behavior was noticed near the canteen area,Low,Computer Science,2,student,2026-02-09T07:24:33,Submitted,negative,
HIST-00890,user_2098,False,Academic,Computer Science Department,No feedback session was held for second year CS students this term,Medium,Computer Science,2,student,2026-01-14T17:05:35,Submitted,neutral,
HIST-00891,user_7183,False,Transport,Transport Area,Students waiting for Route 3 bus are stranded for over an hour,High,Physics,1,faculty,2026-02-14T19:30:19,Closed,negative,Issue closed after investigation found no violation
HIST-00892,user_3226,False,Water/Sanitation,Hostel D,Hostel bathrooms have intermittent water availability,High,Electronics,1,student,2026-07-12T05:46:23,Resolved,neutral,Issue addressed and closed by department
HIST-00893,user_1009,False,Infrastructure,Auditorium,Benches in the main auditorium are broken,Medium,Electronics,2,staff,2026-07-13T19:52:53,In Progress,negative,
HIST-00894,user_5705,False,Electricity,Not Applicable,Power outlets in the library are insufficient,Critical,Computer Science,4,staff,2026-09-28T22:31:00,Closed,negative,Withdrawn by submitter
HIST-00895,user_8549,False,Transport,Transport Area,Students waiting for Route 3 bus are stranded for over an hour,Low,Electronics,2,student,2026-05-04T01:01:11,Submitted,negative,
HIST-00896,user_9665,False,Academic,Computer Science Department,The syllabus for second year CS subjects was not updated this semester,Medium,Computer Science,2,student,2025-12-11T11:53:26,Resolved,neutral,Issue addressed and closed by department
HIST-00897,user_9027,False,Transport,Route 3 Stop,Bus on Route 3 is always late by 30 to 45 minutes,Low,Mathematics,1,student,2026-02-08T12:24:31,Closed,negative,Withdrawn by submitter
HIST-00898,user_7471,False,Other,Main Building,Campus events are not announced with sufficient advance notice,Medium,Electronics,3,staff,2026-05-04T20:25:39,Under Review,neutral,
HIST-00899,user_9871,True,Harassment,Canteen,Verbal harassment occurred in a common area on campus,Critical,Chemical,1,student,2026-08-03T21:25:51,Under Review,negative,
HIST-00900,user_7617,False,Network/IT,Hostel C,Internet not working properly in hostel during evening hours,High,Mechanical,1,staff,2026-06-10T17:19:50,Submitted,negative,
HIST-00901,user_9602,False,Network/IT,Boys Hostel A,WiFi signal is weak and unstable in hostel,Low,Electronics,4,student,2026-07-06T20:05:51,Under Review,neutral,
HIST-00902,user_8645,False,Transport,Main Gate Bus Stop,Route 3 bus is severely overcrowded every morning,Low,Management,1,student,2025-11-30T05:02:04,Submitted,negative,
HIST-00903,user_9514,False,Transport,Transport Area,We missed exams because Route 3 bus was cancelled without notification,Low,Mechanical,1,student,2025-11-28T03:32:54,Resolved,negative,Issue resolved after maintenance team intervention
HIST-00904,user_6798,False,Network/IT,Boys Hostel A,WiFi keeps disconnecting in my hostel room,High,Mathematics,2,faculty,2026-04-20T20:31:56,Resolved,neutral,Resolved after escalation to concerned authority
HIST-00905,user_7638,False,Canteen,Workshop,Canteen hygiene standards need improvement,Medium,Civil,3,faculty,2026-02-08T10:23:04,Closed,neutral,Issue closed after investigation found no violation
HIST-00906,user_5119,False,Library,Auditorium,New edition textbooks are not available in the library,Medium,Electronics,3,student,2026-01-31T01:47:59,Submitted,neutral,
HIST-00907,user_9576,False,Network/IT,Boys Hostel A,My hostel room has no WiFi signal after 7pm every day,High,Electronics,4,student,2025-10-15T22:23:13,Resolved,neutral,Corrective action taken and verified
HIST-00908,user_7679,False,Transport,Academic Block B,Bus driver is rude to students,Medium,Computer Science,2,student,2026-09-19T00:13:32,Closed,negative,Withdrawn by submitter
HIST-00909,user_3734,False,Electricity,Block C,Frequent power cuts in Block C classrooms are disrupting lectures,High,Mathematics,2,student,2026-02-17T20:19:25,Resolved,neutral,Problem fixed following department review
HIST-00910,user_9243,False,Water/Sanitation,Main Building,Water cooler on second floor of academic block is not working,High,Computer Science,3,student,2025-10-15T03:36:19,Resolved,negative,Resolved after escalation to concerned authority
HIST-00911,user_9187,False,Network/IT,Hostel C,Network connectivity in hostel is extremely poor after 6pm,Medium,Electronics,3,faculty,2026-02-22T17:48:17,In Progress,negative,
HIST-00912,user_3068,False,Water/Sanitation,Library,Washrooms near the auditorium are not cleaned regularly,Critical,Computer Science,1,faculty,2025-11-11T12:07:23,Resolved,neutral,Issue addressed and closed by department
HIST-00913,user_1596,False,Academic,Computer Science Department,Year 2 CS students have excessive workload with overlapping assignments,High,Computer Science,2,student,2026-05-17T14:40:00,In Progress,neutral,
HIST-00914,user_4389,False,Transport,Main Gate Bus Stop,Route 3 has too few buses for the number of students,High,Computer Science,3,student,2026-07-14T20:44:09,In Progress,neutral,
HIST-00915,user_2202,False,Network/IT,Girls Hostel B,"Network issues persist in hostel, reported multiple times",Medium,Mathematics,4,student,2026-04-19T17:24:57,Submitted,neutral,
HIST-00916,user_7021,False,Maintenance,Academic Block A,Window panes in the library reading room are broken,Medium,Civil,1,student,2025-10-23T07:50:26,In Progress,negative,
HIST-00917,user_5889,False,Network/IT,Boys Hostel A,Internet not working properly in hostel during evening hours,Low,Physics,3,student,2026-02-09T18:40:16,In Progress,negative,
HIST-00918,user_2892,False,Electricity,Block C Lab,We experience load shedding only in Block C every afternoon,High,Mechanical,3,faculty,2026-03-24T15:35:52,Resolved,neutral,Resolved after escalation to concerned authority
HIST-00919,user_7756,False,Water/Sanitation,New Hostel Block,No water supply in the hostel from midnight to 6am,Low,Physics,4,student,2026-06-16T08:10:41,Submitted,negative,
HIST-00920,user_7268,False,Electricity,Academic Block B,Electrical board near the canteen looks dangerous,Low,Mechanical,2,student,2026-05-11T02:36:38,In Progress,negative,
HIST-00921,user_7159,False,Network/IT,Girls Hostel B,Network connectivity in hostel is extremely poor after 6pm,Low,Civil,4,staff,2026-03-12T17:25:32,Closed,negative,Closed without further action required
HIST-00922,user_5907,False,Hostel,Seminar Hall,Hostel mess food quality has declined significantly,High,Mechanical,3,student,2025-12-01T16:43:45,In Progress,neutral,
HIST-00923,user_7121,False,Academic,Computer Science Department,CS department year 2 lab slots keep changing without notice,High,Computer Science,2,student,2026-05-12T19:56:19,Submitted,neutral,
HIST-00924,user_1391,False,Water/Sanitation,Boys Hostel A,Drinking water supply in hostel corridor taps is inconsistent,Low,Computer Science,2,faculty,2026-01-31T07:00:31,Under Review,negative,
HIST-00925,user_6153,False,Academic,Computer Science Department,No feedback session was held for second year CS students this term,Low,Computer Science,2,student,2026-06-02T12:11:16,Resolved,neutral,Issue addressed and closed by department
HIST-00926,user_8982,False,Academic,Computer Science Department,No feedback session was held for second year CS students this term,High,Computer Science,2,student,2026-07-28T11:38:43,In Progress,neutral,
HIST-00927,user_4255,False,Water/Sanitation,Hostel C,Water pressure in hostel is too low to use showers,Low,Mathematics,3,faculty,2025-11-29T07:10:27,Resolved,neutral,Issue resolved after maintenance team intervention
HIST-00928,user_1262,False,Electricity,Block C,Power supply in Block C cuts off multiple times a day,Low,Computer Science,4,student,2026-01-23T13:38:24,Resolved,neutral,Issue resolved after maintenance team intervention
HIST-00929,user_4531,False,Academic,Computer Science Department,The project guidelines for second year CS course are unclear,Low,Computer Science,2,student,2026-07-05T20:57:52,Submitted,neutral,
HIST-00930,user_8135,False,Academic,Computer Science Department,Second year CS students are not getting study materials on time,Critical,Computer Science,2,student,2026-02-26T06:08:18,Submitted,neutral,
HIST-00931,user_3411,False,Other,Not Applicable,Student ID card issuance is taking too long,Medium,Management,1,student,2026-05-24T05:35:15,Resolved,neutral,Resolved after escalation to concerned authority
HIST-00932,user_8371,False,Academic,Computer Science Department,Second year CS students are not getting study materials on time,Low,Computer Science,2,student,2026-05-18T08:05:10,Under Review,neutral,
HIST-00933,user_3291,False,Water/Sanitation,Main Building,Water cooler on second floor of academic block is not working,Medium,Electronics,1,faculty,2026-03-23T03:54:15,Closed,negative,Closed without further action required
HIST-00934,user_5947,False,Network/IT,Boys Hostel A,Hostel network is almost unusable at night,Critical,Computer Science,4,faculty,2025-10-19T22:24:23,In Progress,negative,
HIST-00935,user_7493,False,Other,Seminar Hall,Campus events are not announced with sufficient advance notice,High,Computer Science,2,student,2026-03-11T05:17:53,Under Review,neutral,
HIST-00936,user_5005,True,Harassment,Hostel,A group of seniors is creating a hostile environment for juniors,High,Management,1,student,2026-07-06T09:49:55,In Progress,negative,
HIST-00937,user_3331,False,Network/IT,Hostel C,Very poor internet speed in Boys Hostel after 5pm,Low,Chemical,2,staff,2026-08-30T20:06:15,Under Review,negative,
HIST-00938,user_1268,False,Infrastructure,Not Applicable,Pathway between departments is flooded after rain,Medium,Electronics,4,faculty,2026-01-17T09:06:02,Closed,negative,Closed without further action required
HIST-00939,user_4720,False,Network/IT,Boys Hostel A,Hostel network is almost unusable at night,Medium,Mechanical,2,student,2025-10-26T21:37:56,Resolved,negative,Corrective action taken and verified
HIST-00940,user_8193,False,Transport,Route 3 Stop,Route 3 has too few buses for the number of students,Medium,Chemical,1,student,2026-07-08T11:21:46,Resolved,neutral,Issue addressed and closed by department
HIST-00941,user_5143,False,Network/IT,Hostel C,The internet bandwidth in hostel is severely throttled after sunset,Medium,Computer Science,1,student,2026-09-10T19:46:23,In Progress,neutral,
HIST-00942,user_8975,False,Transport,Main Gate Bus Stop,Route 3 bus is severely overcrowded every morning,High,Chemical,3,student,2026-05-07T04:45:29,In Progress,negative,
HIST-00943,user_7541,False,Transport,Not Applicable,College bus is not air-conditioned and it is very hot,Critical,Civil,4,faculty,2026-03-22T03:57:52,Closed,neutral,Closed without further action required
HIST-00944,user_8640,False,Water/Sanitation,Boys Hostel A,No water supply in the hostel from midnight to 6am,Medium,Mathematics,1,student,2025-11-26T20:54:43,Resolved,negative,Issue resolved after maintenance team intervention
HIST-00945,user_8621,False,Other,Academic Block A,Student ID card issuance is taking too long,High,Civil,1,student,2026-02-09T22:07:47,Closed,neutral,Withdrawn by submitter
HIST-00946,user_7087,False,Network/IT,Hostel C,Cannot access internet from hostel room in the evening,Medium,Mechanical,4,student,2026-08-21T17:33:09,Resolved,neutral,Issue resolved after maintenance team intervention
HIST-00947,user_4353,False,Network/IT,Boys Hostel A,Internet not working properly in hostel during evening hours,Critical,Chemical,2,student,2026-07-22T20:06:55,In Progress,negative,
HIST-00948,user_8590,False,Academic,Computer Science Department,Faculty for second year Computer Science subjects is frequently absent,Low,Computer Science,2,student,2026-07-22T07:45:24,In Progress,negative,
HIST-00949,user_3136,False,Electricity,Block C Lab,Lights keep flickering in Block C during lab sessions,Low,Electronics,4,staff,2026-04-15T01:20:53,In Progress,neutral,
HIST-00950,user_7812,False,Transport,Transport Area,Bus driver on Route 3 drives rashly and it is very unsafe,Low,Physics,2,staff,2026-07-05T07:20:23,Resolved,negative,Issue addressed and closed by department
HIST-00951,user_1841,False,Transport,Transport Area,The college bus on Route 3 frequently breaks down,High,Civil,4,student,2025-12-01T00:17:10,In Progress,neutral,
HIST-00952,user_5020,False,Electricity,Main Building,Streetlights near the sports complex do not work at night,Low,Mathematics,4,staff,2026-03-26T08:34:09,Closed,neutral,Withdrawn by submitter
HIST-00953,user_3384,False,Water/Sanitation,Hostel D,Water pressure in hostel is too low to use showers,High,Chemical,3,staff,2026-01-20T13:37:03,Under Review,neutral,
HIST-00954,user_2659,False,Network/IT,Girls Hostel B,Cannot access internet from hostel room in the evening,Low,Mathematics,1,faculty,2026-02-23T19:10:28,In Progress,neutral,
HIST-00955,user_5840,False,Electricity,Block C Classroom,Electrical wiring in Block C looks damaged and poses a safety hazard,Low,Computer Science,2,staff,2026-03-12T02:31:45,Closed,negative,Withdrawn by submitter
HIST-00956,user_7128,True,Bullying,Canteen,There is ongoing bullying in the hostel common room,High,Mathematics,3,student,2026-08-15T22:07:42,In Progress,negative,
HIST-00957,user_1870,False,Electricity,Block C,Frequent power cuts in Block C classrooms are disrupting lectures,Medium,Computer Science,4,student,2026-09-24T03:58:24,Submitted,neutral,
HIST-00958,user_6743,False,Network/IT,Boys Hostel A,Very poor internet speed in Boys Hostel after 5pm,Medium,Mathematics,2,faculty,2026-06-16T18:49:18,Closed,negative,Closed without further action required
HIST-00959,user_8620,False,Network/IT,Hostel C,Internet not working properly in hostel during evening hours,High,Electronics,3,faculty,2026-05-27T18:09:23,Resolved,negative,Issue addressed and closed by department
HIST-00960,user_7333,False,Transport,Route 3 Stop,Bus driver on Route 3 drives rashly and it is very unsafe,Low,Computer Science,4,faculty,2026-01-25T03:29:59,Resolved,negative,Issue addressed and closed by department
HIST-00961,user_8100,False,Hostel,Library,Pest infestation noticed in hostel rooms,High,Management,1,faculty,2026-08-24T02:07:33,In Progress,negative,
HIST-00962,user_2279,False,Network/IT,Hostel C,Hostel network is almost unusable at night,Medium,Electronics,3,staff,2026-07-06T22:59:44,Resolved,negative,Problem fixed following department review
HIST-00963,user_5816,False,Water/Sanitation,Not Applicable,Drainage in the main corridor gets clogged after rain,Medium,Civil,4,student,2026-01-15T01:53:52,Under Review,negative,
HIST-00964,user_6812,False,Electricity,Block C Lab,The electricity in Block C Lab trips without warning,High,Mathematics,3,student,2026-01-24T21:18:57,In Progress,neutral,
HIST-00965,user_9397,False,Library,Academic Block A,Some reference books are always checked out and unavailable,High,Electronics,1,student,2025-11-25T13:39:33,Resolved,neutral,Issue resolved after maintenance team intervention
HIST-00966,user_8816,False,Network/IT,Girls Hostel B,Very poor internet speed in Boys Hostel after 5pm,Critical,Civil,1,student,2026-01-05T17:44:49,Closed,negative,Withdrawn by submitter
HIST-00967,user_1663,False,Maintenance,Academic Block A,Paint is peeling off walls in the main corridor,Critical,Electronics,4,staff,2026-01-15T17:52:54,Under Review,negative,
HIST-00968,user_8855,False,Network/IT,Girls Hostel B,Hostel WiFi becomes very slow in the evening,High,Electronics,4,staff,2026-07-04T18:27:11,Resolved,negative,Resolved after escalation to concerned authority
HIST-00969,user_2110,False,Transport,Route 3 Stop,Bus driver on Route 3 drives rashly and it is very unsafe,Low,Physics,1,student,2026-01-02T23:32:49,Under Review,negative,
HIST-00970,user_6775,True,Bullying,Near Library,Inappropriate behavior was noticed near the canteen area,High,Management,4,student,2026-06-16T02:20:08,In Progress,negative,
HIST-00971,user_6430,False,Network/IT,Boys Hostel A,Internet speed drops drastically at night in hostel,Low,Management,2,student,2026-03-31T18:55:59,Resolved,neutral,Corrective action taken and verified
HIST-00972,user_4169,False,Library,Library,New edition textbooks are not available in the library,Low,Mathematics,4,student,2026-03-17T07:35:56,In Progress,neutral,
HIST-00973,user_6084,False,Transport,Route 3 Stop,Bus on Route 3 is always late by 30 to 45 minutes,Low,Electronics,2,student,2026-02-05T17:14:44,Submitted,negative,
HIST-00974,user_9302,False,Library,Canteen,Library timings do not accommodate evening students,High,Management,4,student,2026-01-20T17:58:24,Submitted,neutral,
HIST-00975,user_3718,False,Canteen,Academic Block A,Canteen food prices have increased without any notice,Low,Mechanical,4,faculty,2025-12-28T07:32:58,Submitted,neutral,
HIST-00976,user_1181,False,Other,Auditorium,Campus events are not announced with sufficient advance notice,High,Civil,3,student,2025-11-14T22:43:16,Closed,neutral,Closed without further action required
HIST-00977,user_2659,False,Academic,Academic Block A,Lab equipment is outdated and insufficient for practicals,Low,Electronics,4,student,2025-11-10T11:28:18,Resolved,negative,Problem fixed following department review
HIST-00978,user_3391,False,Infrastructure,Canteen,Parking area is insufficient and poorly organized,Medium,Civil,4,student,2026-07-21T20:11:33,Resolved,negative,Corrective action taken and verified
HIST-00979,user_5417,False,Network/IT,Library,Library computers are very slow and outdated,Low,Computer Science,4,student,2026-01-29T16:50:38,Submitted,negative,
HIST-00980,user_1981,False,Water/Sanitation,New Hostel Block,Sanitation in hostel is poor due to water shortage,Low,Physics,4,student,2026-04-26T16:38:23,In Progress,negative,
HIST-00981,user_1404,False,Electricity,Block C Classroom,The electricity in Block C Lab trips without warning,Medium,Computer Science,4,student,2025-11-29T05:52:57,Resolved,neutral,Problem fixed following department review
HIST-00982,user_9347,False,Network/IT,Girls Hostel B,Hostel WiFi becomes very slow in the evening,Medium,Physics,3,student,2025-12-31T20:36:53,Resolved,negative,Corrective action taken and verified
HIST-00983,user_4583,False,Transport,Academic Block B,Bus timings are not aligned with class schedules,Low,Civil,4,student,2026-03-27T21:56:18,Submitted,neutral,
HIST-00984,user_9537,False,Electricity,Block C,Faulty wiring in Block C caused a short circuit last week,Medium,Chemical,1,student,2026-06-09T12:42:46,Resolved,negative,Issue addressed and closed by department
HIST-00985,user_7082,False,Network/IT,Boys Hostel A,Very poor internet speed in Boys Hostel after 5pm,High,Civil,4,student,2025-10-04T22:13:13,Resolved,negative,Resolved after escalation to concerned authority
HIST-00986,user_1395,False,Hostel,Academic Block B,Common room TV has been broken for over a month,Low,Electronics,2,student,2026-03-30T01:44:58,Under Review,negative,
HIST-00987,user_8345,False,Network/IT,Boys Hostel A,WiFi signal is weak and unstable in hostel,Medium,Management,1,faculty,2026-09-05T22:09:04,Resolved,neutral,Resolved after escalation to concerned authority
HIST-00988,user_7609,False,Network/IT,Workshop,Computer lab systems frequently crash during practical exams,High,Management,1,student,2026-07-14T05:32:46,In Progress,negative,
HIST-00989,user_6472,False,Electricity,Workshop,Streetlights near the sports complex do not work at night,Medium,Physics,3,student,2026-07-23T19:06:37,Resolved,neutral,Corrective action taken and verified
HIST-00990,user_8541,False,Water/Sanitation,Library,Washrooms near the auditorium are not cleaned regularly,High,Management,4,student,2026-06-12T21:43:18,Under Review,neutral,
HIST-00991,user_6684,True,Harassment,Not Applicable,There is ongoing bullying in the hostel common room,Medium,Management,4,student,2026-03-31T09:11:42,In Progress,negative,
HIST-00992,user_6350,False,Water/Sanitation,Workshop,Drainage in the main corridor gets clogged after rain,Medium,Electronics,2,staff,2025-12-11T20:28:22,Resolved,negative,Issue resolved after maintenance team intervention
HIST-00993,user_5668,False,Maintenance,Canteen,Window panes in the library reading room are broken,Low,Management,1,staff,2026-02-17T10:51:17,Submitted,negative,
HIST-00994,user_7028,False,Electricity,Block C,Faulty wiring in Block C caused a short circuit last week,Medium,Chemical,3,student,2026-08-31T23:53:19,Closed,negative,Issue closed after investigation found no violation
HIST-00995,user_1834,False,Electricity,Block C Lab,Power supply in Block C cuts off multiple times a day,Medium,Chemical,1,student,2026-08-12T07:54:34,In Progress,neutral,
HIST-00996,user_9470,False,Transport,Main Building,College bus is not air-conditioned and it is very hot,Low,Civil,4,student,2026-07-19T17:30:22,Submitted,neutral,
HIST-00997,user_3020,False,Network/IT,Boys Hostel A,Hostel network is almost unusable at night,Medium,Civil,3,student,2026-03-01T21:28:48,Resolved,negative,Issue resolved after maintenance team intervention
HIST-00998,user_8182,False,Electricity,Block C Lab,The electricity in Block C Lab trips without warning,Medium,Chemical,1,student,2025-12-13T11:46:43,Resolved,neutral,Resolved after escalation to concerned authority
HIST-00999,user_8987,False,Academic,Computer Science Department,The project guidelines for second year CS course are unclear,Low,Computer Science,2,student,2025-11-30T09:38:43,Submitted,neutral,
HIST-01000,user_8100,False,Network/IT,Boys Hostel A,My hostel room has no WiFi signal after 7pm every day,Medium,Mechanical,1,student,2026-03-22T21:33:39,Resolved,neutral,Resolved after escalation to concerned authority
HIST-01001,user_9420,False,Electricity,Block C,Lights keep flickering in Block C during lab sessions,Medium,Physics,1,student,2025-12-27T19:36:33,Submitted,neutral,
HIST-01002,user_1592,True,Harassment,Hostel,Intimidation and threats were made during an event on campus,High,Physics,3,student,2025-12-12T23:19:43,Under Review,negative,
HIST-01003,user_9978,False,Electricity,Block C,The electricity in Block C Lab trips without warning,Low,Computer Science,3,staff,2026-03-28T18:06:07,In Progress,neutral,
HIST-01004,user_9289,False,Canteen,Workshop,Canteen food prices have increased without any notice,High,Electronics,4,student,2025-12-15T19:45:39,In Progress,neutral,
HIST-01005,user_2102,False,Water/Sanitation,Boys Hostel A,Hostel water supply is completely cut off during weekends,Low,Chemical,2,faculty,2026-07-20T22:28:37,Submitted,negative,
HIST-01006,user_3512,False,Other,Auditorium,Campus events are not announced with sufficient advance notice,Critical,Electronics,3,staff,2026-05-22T13:21:56,In Progress,neutral,
HIST-01007,user_7191,False,Canteen,Sports Complex,Vending machines in canteen are frequently out of stock,Medium,Management,4,student,2026-09-22T00:27:13,Under Review,neutral,
HIST-01008,user_6409,False,Academic,Computer Science Department,Second year CS students are not getting study materials on time,Low,Computer Science,2,student,2026-07-04T05:58:48,Closed,neutral,Withdrawn by submitter
HIST-01009,user_8206,False,Electricity,Workshop,Generator backup is slow during power outages,Medium,Mechanical,1,faculty,2026-07-14T09:06:40,Resolved,negative,Problem fixed following department review
HIST-01010,user_5376,False,Transport,Route 3 Stop,Route 3 bus skips stops without any prior notice,Low,Computer Science,3,student,2026-08-01T13:04:05,Under Review,neutral,
HIST-01011,user_3358,False,Electricity,Block C Classroom,Block C classroom fans and lights stop working randomly,Medium,Electronics,4,student,2026-05-07T01:23:53,Under Review,neutral,
HIST-01012,user_3329,False,Academic,Computer Science Department,Mid-semester exams clashed for second year CS department students,Low,Computer Science,2,student,2025-10-10T08:56:21,Closed,neutral,Withdrawn by submitter
HIST-01013,user_4216,False,Electricity,Admin Block,Generator backup is slow during power outages,Medium,Management,1,student,2026-04-07T04:25:22,Resolved,negative,Corrective action taken and verified
HIST-01014,user_2526,False,Network/IT,Girls Hostel B,Very poor internet speed in Boys Hostel after 5pm,Critical,Mechanical,4,staff,2025-11-20T21:37:21,In Progress,negative,
HIST-01015,user_7289,False,Academic,Seminar Hall,Lab equipment is outdated and insufficient for practicals,Medium,Electronics,2,staff,2025-12-31T05:18:41,Closed,negative,Withdrawn by submitter
HIST-01016,user_5518,False,Network/IT,Girls Hostel B,Very poor internet speed in Boys Hostel after 5pm,High,Physics,1,staff,2026-02-01T19:06:36,Resolved,negative,Issue addressed and closed by department
HIST-01017,user_7461,True,Harassment,Campus Common Area,Intimidation and threats were made during an event on campus,Medium,Electronics,4,student,2026-03-06T03:05:06,In Progress,negative,
HIST-01018,user_4608,False,Transport,Main Gate Bus Stop,Route 3 has too few buses for the number of students,Medium,Mechanical,2,faculty,2026-07-09T15:02:52,In Progress,neutral,
HIST-01019,user_1686,False,Canteen,Sports Complex,Vending machines in canteen are frequently out of stock,Medium,Chemical,3,staff,2025-12-03T04:02:47,Submitted,neutral,
HIST-01020,user_1721,False,Academic,Canteen,Lab equipment is outdated and insufficient for practicals,Low,Computer Science,1,faculty,2026-06-26T22:15:40,Under Review,negative,
HIST-01021,user_5962,False,Hostel,Academic Block B,Hostel mess food quality has declined significantly,Medium,Civil,2,student,2026-03-28T19:24:16,Under Review,neutral,
HIST-01022,user_1198,False,Maintenance,Seminar Hall,Air conditioning in department seminar hall is not working,Medium,Chemical,3,student,2026-09-18T15:16:54,Under Review,negative,
HIST-01023,user_3178,False,Academic,Computer Science Department,Faculty for second year Computer Science subjects is frequently absent,Medium,Computer Science,2,student,2026-06-25T16:58:55,Under Review,negative,
HIST-01024,user_4186,False,Electricity,Block C,Frequent power cuts in Block C classrooms are disrupting lectures,Low,Civil,1,student,2025-10-22T07:48:26,Resolved,neutral,Resolved after escalation to concerned authority
HIST-01025,user_7854,False,Transport,Auditorium,Bus timings are not aligned with class schedules,Medium,Civil,1,student,2026-01-05T22:29:32,Resolved,neutral,Resolved after escalation to concerned authority
HIST-01026,user_4172,False,Electricity,Block C,The main electrical panel in Block C needs urgent maintenance,Medium,Physics,3,student,2026-04-13T10:55:19,Resolved,neutral,Issue addressed and closed by department
HIST-01027,user_7841,False,Electricity,Block C,The electricity in Block C Lab trips without warning,High,Management,3,faculty,2025-12-03T16:22:18,Resolved,neutral,Problem fixed following department review
HIST-01028,user_3484,False,Water/Sanitation,Hostel D,Water pressure in hostel is too low to use showers,Critical,Management,1,faculty,2026-05-17T23:15:54,Submitted,neutral,
HIST-01029,user_7994,True,Harassment,Hostel,There is ongoing bullying in the hostel common room,Medium,Physics,2,student,2025-11-01T19:42:29,In Progress,negative,
HIST-01030,user_9962,False,Network/IT,Hostel C,The internet bandwidth in hostel is severely throttled after sunset,High,Electronics,4,student,2026-02-20T19:11:13,Resolved,neutral,Issue resolved after maintenance team intervention
HIST-01031,user_5180,False,Network/IT,Boys Hostel A,Hostel network is almost unusable at night,Low,Civil,1,student,2026-07-28T21:38:25,In Progress,negative,
HIST-01032,user_4450,False,Water/Sanitation,New Hostel Block,Hostel water supply is completely cut off during weekends,Medium,Computer Science,3,student,2026-07-07T17:49:36,Submitted,negative,
HIST-01033,user_1009,True,Bullying,Hostel,A group of seniors is creating a hostile environment for juniors,High,Civil,1,student,2025-10-25T23:05:01,Submitted,negative,
HIST-01034,user_2085,False,Network/IT,Hostel C,Cannot access internet from hostel room in the evening,Critical,Mathematics,4,student,2026-09-08T19:15:03,Resolved,neutral,Corrective action taken and verified
HIST-01035,user_3677,False,Transport,Transport Area,We missed exams because Route 3 bus was cancelled without notification,Low,Mathematics,1,faculty,2026-09-03T21:16:47,In Progress,negative,
HIST-01036,user_1613,False,Electricity,Auditorium,Power outlets in the library are insufficient,High,Mechanical,2,student,2026-04-21T06:22:32,Submitted,negative,
HIST-01037,user_5350,False,Water/Sanitation,Hostel C,Hostel bathrooms have intermittent water availability,Medium,Management,4,staff,2026-04-05T17:18:02,In Progress,neutral,
HIST-01038,user_8907,False,Electricity,Block C,The main electrical panel in Block C needs urgent maintenance,High,Physics,4,student,2026-06-30T15:03:47,Closed,neutral,Closed without further action required
HIST-01039,user_2082,False,Water/Sanitation,Hostel C,Water pressure in hostel is too low to use showers,Critical,Computer Science,4,student,2026-03-08T13:18:01,In Progress,neutral,
HIST-01040,user_4589,False,Transport,Main Gate Bus Stop,Students waiting for Route 3 bus are stranded for over an hour,Low,Electronics,2,student,2026-03-30T02:11:05,Resolved,negative,Issue resolved after maintenance team intervention
HIST-01041,user_8672,False,Transport,Main Gate Bus Stop,Bus driver on Route 3 drives rashly and it is very unsafe,Medium,Mechanical,3,faculty,2026-05-25T10:21:07,In Progress,negative,
HIST-01042,user_3713,False,Network/IT,Admin Block,Computer lab systems frequently crash during practical exams,Low,Physics,2,student,2025-10-28T17:29:36,In Progress,negative,
HIST-01043,user_9085,False,Electricity,Block C Lab,Power supply in Block C cuts off multiple times a day,Medium,Electronics,2,staff,2026-04-27T18:23:57,Resolved,neutral,Issue addressed and closed by department
HIST-01044,user_2871,False,Water/Sanitation,Girls Hostel B,Drinking water supply in hostel corridor taps is inconsistent,Critical,Chemical,3,faculty,2026-02-28T01:44:38,Submitted,negative,
HIST-01045,user_2310,False,Network/IT,Hostel C,Internet speed drops drastically at night in hostel,Low,Civil,3,student,2025-12-29T21:18:10,In Progress,neutral,
HIST-01046,user_8530,False,Academic,Computer Science Department,No feedback session was held for second year CS students this term,Critical,Computer Science,2,student,2026-03-23T13:41:35,In Progress,neutral,
HIST-01047,user_6615,True,Harassment,Campus Common Area,Intimidation and threats were made during an event on campus,Medium,Management,4,student,2026-06-28T14:19:32,Resolved,negative,Issue addressed and closed by department
HIST-01048,user_7096,False,Network/IT,Girls Hostel B,Very poor internet speed in Boys Hostel after 5pm,High,Physics,3,faculty,2026-04-03T17:47:34,Under Review,negative,
HIST-01049,user_8682,False,Transport,Route 3 Stop,Bus driver on Route 3 drives rashly and it is very unsafe,Medium,Management,4,student,2025-11-20T06:01:02,Resolved,negative,Issue resolved after maintenance team intervention
HIST-01050,user_5228,False,Library,Main Building,Library timings do not accommodate evening students,Medium,Mechanical,4,student,2026-04-23T21:00:33,Under Review,neutral,
HIST-01051,user_9977,False,Network/IT,Boys Hostel A,Hostel network is almost unusable at night,Medium,Electronics,2,student,2026-04-24T17:25:55,Resolved,negative,Resolved after escalation to concerned authority
HIST-01052,user_6416,False,Water/Sanitation,Girls Hostel B,Water pressure in hostel is too low to use showers,Low,Computer Science,3,student,2026-01-11T19:43:54,Resolved,neutral,Resolved after escalation to concerned authority
HIST-01053,user_6349,False,Network/IT,Boys Hostel A,Internet speed drops drastically at night in hostel,Medium,Physics,2,student,2026-04-27T22:14:32,Under Review,neutral,
HIST-01054,user_9629,False,Electricity,Block C Classroom,The electricity in Block C Lab trips without warning,High,Computer Science,3,faculty,2026-04-24T03:14:09,Resolved,neutral,Corrective action taken and verified
HIST-01055,user_3549,False,Academic,Computer Science Department,The project guidelines for second year CS course are unclear,High,Computer Science,2,student,2026-01-17T05:28:58,Under Review,neutral,
HIST-01056,user_9520,False,Transport,Auditorium,Bus driver is rude to students,Critical,Chemical,1,student,2026-07-18T07:04:43,Resolved,negative,Problem fixed following department review
HIST-01057,user_5570,False,Network/IT,Boys Hostel A,The internet bandwidth in hostel is severely throttled after sunset,Medium,Management,1,staff,2026-02-04T21:09:04,In Progress,neutral,
HIST-01058,user_5018,False,Academic,Computer Science Department,Mid-semester exams clashed for second year CS department students,Low,Computer Science,2,student,2025-11-27T04:12:00,Under Review,neutral,
HIST-01059,user_4706,False,Network/IT,Boys Hostel A,WiFi keeps disconnecting in my hostel room,Low,Civil,4,student,2026-07-28T17:29:26,Under Review,neutral,
HIST-01060,user_1364,False,Electricity,Block C,Block C classroom fans and lights stop working randomly,Low,Civil,2,student,2026-04-04T14:33:33,Resolved,neutral,Issue resolved after maintenance team intervention
HIST-01061,user_8108,False,Network/IT,Hostel C,My hostel room has no WiFi signal after 7pm every day,Medium,Electronics,4,student,2025-12-08T21:29:53,Resolved,neutral,Corrective action taken and verified
HIST-01062,user_8919,False,Water/Sanitation,Auditorium,Water cooler on second floor of academic block is not working,Medium,Civil,3,student,2026-09-16T05:10:49,In Progress,negative,
HIST-01063,user_5459,False,Other,Auditorium,Campus events are not announced with sufficient advance notice,Medium,Physics,2,student,2025-11-13T14:04:17,Submitted,neutral,
HIST-01064,user_6376,False,Water/Sanitation,Sports Complex,Water cooler on second floor of academic block is not working,Low,Mathematics,4,student,2026-07-17T13:50:08,Submitted,negative,
HIST-01065,user_9336,False,Academic,Computer Science Department,Second year CS students are not getting study materials on time,Low,Computer Science,2,student,2025-11-10T00:55:25,Submitted,neutral,
HIST-01066,user_5924,False,Network/IT,Boys Hostel A,The internet bandwidth in hostel is severely throttled after sunset,Medium,Management,3,student,2025-11-25T17:02:19,Resolved,neutral,Issue resolved after maintenance team intervention
HIST-01067,user_9173,False,Transport,Transport Area,Students waiting for Route 3 bus are stranded for over an hour,Critical,Electronics,1,faculty,2026-04-27T04:00:03,Submitted,negative,
HIST-01068,user_7630,False,Academic,Computer Science Department,Year 2 CS students have excessive workload with overlapping assignments,Critical,Computer Science,2,student,2026-05-06T06:57:17,Under Review,neutral,
HIST-01069,user_1840,False,Electricity,Block C Classroom,We experience load shedding only in Block C every afternoon,Low,Computer Science,3,student,2026-04-30T06:42:58,Submitted,neutral,
HIST-01070,user_5920,False,Water/Sanitation,Workshop,Drainage in the main corridor gets clogged after rain,Critical,Mathematics,4,student,2026-09-21T10:17:25,Resolved,negative,Issue resolved after maintenance team intervention
HIST-01071,user_5221,False,Other,Auditorium,Student ID card issuance is taking too long,Medium,Physics,1,student,2026-01-15T06:06:58,Under Review,neutral,
HIST-01072,user_2744,False,Network/IT,Boys Hostel A,WiFi signal is weak and unstable in hostel,Medium,Physics,4,student,2026-03-31T22:51:19,Resolved,neutral,Issue addressed and closed by department
HIST-01073,user_3424,False,Transport,Main Gate Bus Stop,Bus driver on Route 3 drives rashly and it is very unsafe,Medium,Chemical,4,faculty,2026-09-23T02:04:40,Submitted,negative,
HIST-01074,user_4663,False,Maintenance,Admin Block,Air conditioning in department seminar hall is not working,Medium,Mechanical,2,student,2026-01-24T05:18:02,In Progress,negative,
HIST-01075,user_4587,True,Bullying,Near Library,Inappropriate behavior was noticed near the canteen area,High,Physics,2,student,2026-09-05T17:44:03,Resolved,negative,Problem fixed following department review
HIST-01076,user_5075,False,Maintenance,Not Applicable,Door handles in classrooms are broken,Low,Mathematics,2,student,2025-10-10T10:13:40,In Progress,negative,
HIST-01077,user_8607,False,Network/IT,Hostel C,WiFi keeps disconnecting in my hostel room,Medium,Management,1,student,2026-06-30T20:20:04,In Progress,neutral,
HIST-01078,user_3510,False,Transport,Main Gate Bus Stop,Bus driver on Route 3 drives rashly and it is very unsafe,Low,Physics,2,student,2026-07-21T19:32:00,Under Review,negative,
HIST-01079,user_2615,False,Water/Sanitation,Hostel D,Water pressure in hostel is too low to use showers,Medium,Mechanical,3,faculty,2026-04-09T00:19:44,Resolved,neutral,Problem fixed following department review
HIST-01080,user_9883,False,Water/Sanitation,Sports Complex,Drainage in the main corridor gets clogged after rain,Medium,Management,4,faculty,2025-11-28T09:13:40,Resolved,negative,Issue resolved after maintenance team intervention
HIST-01081,user_9287,False,Network/IT,Girls Hostel B,Network connectivity in hostel is extremely poor after 6pm,Medium,Mathematics,2,student,2025-12-14T22:42:05,Under Review,negative,
HIST-01082,user_6947,False,Water/Sanitation,Boys Hostel A,Hostel water supply is completely cut off during weekends,Medium,Civil,2,faculty,2026-07-27T14:24:20,In Progress,negative,
HIST-01083,user_7760,False,Water/Sanitation,New Hostel Block,The overhead water tank in hostel is not being filled regularly,Low,Management,2,student,2026-01-23T23:53:52,Closed,neutral,Withdrawn by submitter
HIST-01084,user_7551,False,Electricity,Block C Classroom,Power supply in Block C cuts off multiple times a day,High,Physics,3,student,2026-03-17T03:50:09,Submitted,neutral,
HIST-01085,user_7869,False,Water/Sanitation,Hostel C,Hostel water supply is completely cut off during weekends,Low,Mathematics,1,student,2026-02-16T05:59:02,In Progress,negative,
HIST-01086,user_6426,False,Water/Sanitation,Hostel C,Sanitation in hostel is poor due to water shortage,Medium,Mechanical,4,student,2025-11-13T08:53:51,In Progress,negative,
HIST-01087,user_5900,False,Academic,Computer Science Department,Second year CS students are not getting study materials on time,High,Computer Science,2,student,2026-04-21T14:36:00,Submitted,neutral,
HIST-01088,user_2329,False,Transport,Admin Block,Shuttle service between campus buildings has been discontinued,Medium,Mathematics,2,student,2026-06-17T00:35:55,Submitted,neutral,
HIST-01089,user_4973,False,Water/Sanitation,Boys Hostel A,Hostel water supply disrupted due to maintenance without prior notice,Medium,Mechanical,1,student,2025-12-06T14:22:49,Under Review,neutral,
HIST-01090,user_3661,False,Transport,Transport Area,Bus driver on Route 3 drives rashly and it is very unsafe,Medium,Computer Science,1,student,2026-01-26T17:42:02,Closed,negative,Withdrawn by submitter
HIST-01091,user_8883,False,Water/Sanitation,New Hostel Block,The overhead water tank in hostel is not being filled regularly,Low,Computer Science,4,faculty,2025-10-24T04:14:54,Submitted,neutral,
HIST-01092,user_2086,False,Water/Sanitation,Hostel D,Hostel water supply is completely cut off during weekends,Low,Mathematics,4,student,2025-11-17T01:36:27,In Progress,negative,
HIST-01093,user_6143,False,Electricity,Workshop,Streetlights near the sports complex do not work at night,Medium,Computer Science,1,faculty,2026-07-01T10:39:34,Resolved,neutral,Problem fixed following department review
HIST-01094,user_1932,False,Academic,Admin Block,Timetable clashes are causing attendance issues,Critical,Chemical,1,student,2026-04-13T03:35:08,Resolved,neutral,Issue addressed and closed by department
HIST-01095,user_8137,False,Network/IT,Library,Student portal is unavailable on mobile browsers,Critical,Physics,1,student,2025-12-28T21:15:42,Resolved,neutral,Issue resolved after maintenance team intervention
HIST-01096,user_7650,False,Electricity,Block C Lab,Lights keep flickering in Block C during lab sessions,High,Computer Science,4,faculty,2026-01-10T00:41:19,In Progress,neutral,
HIST-01097,user_8080,False,Water/Sanitation,New Hostel Block,The overhead water tank in hostel is not being filled regularly,High,Physics,1,student,2025-11-11T13:27:15,Under Review,neutral,
HIST-01098,user_3523,False,Academic,Computer Science Department,The project guidelines for second year CS course are unclear,Low,Computer Science,2,student,2025-10-25T23:17:44,In Progress,neutral,
HIST-01099,user_7786,False,Academic,Computer Science Department,No feedback session was held for second year CS students this term,High,Computer Science,2,student,2026-08-17T18:44:34,In Progress,neutral,
HIST-01100,user_8752,False,Network/IT,Hostel C,Very poor internet speed in Boys Hostel after 5pm,High,Mechanical,3,student,2026-01-28T19:13:27,Resolved,negative,Issue resolved after maintenance team intervention
HIST-01101,user_1501,False,Electricity,Block C Classroom,Power supply in Block C cuts off multiple times a day,Medium,Electronics,1,staff,2026-06-22T03:35:10,Under Review,neutral,
HIST-01102,user_6468,False,Network/IT,Seminar Hall,Student portal is unavailable on mobile browsers,Low,Chemical,4,student,2026-05-02T17:06:19,Submitted,neutral,
HIST-01103,user_7068,False,Network/IT,Hostel C,Internet speed drops drastically at night in hostel,High,Physics,1,staff,2026-05-11T18:37:38,Submitted,neutral,
HIST-01104,user_2937,False,Water/Sanitation,Canteen,Washrooms near the auditorium are not cleaned regularly,High,Mechanical,3,student,2026-01-13T10:18:01,Resolved,neutral,Resolved after escalation to concerned authority
HIST-01105,user_6046,False,Hostel,Admin Block,Hostel curfew rules are being applied inconsistently,Medium,Management,2,student,2026-05-16T07:32:13,In Progress,negative,
HIST-01106,user_4861,False,Other,Academic Block B,Student ID card issuance is taking too long,Medium,Computer Science,4,faculty,2026-05-05T21:40:06,Resolved,neutral,Resolved after escalation to concerned authority
HIST-01107,user_8971,False,Electricity,Block C,Block C classroom fans and lights stop working randomly,Low,Mathematics,2,student,2025-12-21T23:50:05,Under Review,neutral,
HIST-01108,user_9058,False,Transport,Main Gate Bus Stop,Route 3 has too few buses for the number of students,Critical,Computer Science,3,student,2026-06-26T05:42:02,Submitted,neutral,
HIST-01109,user_7493,False,Electricity,Block C Lab,The main electrical panel in Block C needs urgent maintenance,Critical,Mechanical,3,student,2025-10-07T00:29:17,Resolved,neutral,Corrective action taken and verified
HIST-01110,user_4506,False,Electricity,Block C Lab,Electrical wiring in Block C looks damaged and poses a safety hazard,Medium,Chemical,2,student,2026-04-18T21:56:43,In Progress,negative,
HIST-01111,user_7640,False,Infrastructure,Academic Block B,Elevator in the admin block is out of order,Low,Management,3,staff,2025-12-22T11:00:16,Under Review,neutral,
HIST-01112,user_8046,False,Network/IT,Hostel C,Very poor internet speed in Boys Hostel after 5pm,High,Civil,4,student,2026-04-09T17:24:21,Closed,negative,Issue closed after investigation found no violation
HIST-01113,user_4852,False,Transport,Route 3 Stop,Route 3 bus skips stops without any prior notice,Low,Mathematics,4,student,2026-08-16T22:59:48,Resolved,neutral,Issue addressed and closed by department
HIST-01114,user_5693,False,Electricity,Block C,Lights keep flickering in Block C during lab sessions,Low,Management,4,student,2026-04-28T19:44:22,Resolved,neutral,Issue resolved after maintenance team intervention
HIST-01115,user_4985,False,Transport,Transport Area,Route 3 bus schedule has not been updated for months,Medium,Management,3,student,2026-06-21T11:39:24,Resolved,neutral,Issue resolved after maintenance team intervention
HIST-01116,user_3701,False,Canteen,Main Building,Canteen food prices have increased without any notice,Low,Electronics,4,faculty,2026-01-17T08:42:13,Under Review,neutral,
HIST-01117,user_6506,False,Academic,Computer Science Department,Year 2 CS students have excessive workload with overlapping assignments,Low,Computer Science,2,student,2025-10-26T20:14:52,In Progress,neutral,
HIST-01118,user_3608,False,Maintenance,Library,Air conditioning in department seminar hall is not working,Critical,Management,4,staff,2026-03-16T06:04:44,Submitted,negative,
HIST-01119,user_6359,False,Water/Sanitation,Hostel C,No water supply in the hostel from midnight to 6am,Critical,Management,4,student,2026-06-24T21:25:45,Resolved,negative,Issue addressed and closed by department
HIST-01120,user_7174,False,Maintenance,Sports Complex,Air conditioning in department seminar hall is not working,Medium,Computer Science,3,student,2026-02-18T06:58:24,Under Review,negative,
HIST-01121,user_2357,False,Transport,Transport Area,Route 3 bus skips stops without any prior notice,Medium,Chemical,1,student,2026-08-30T21:34:11,Submitted,neutral,
HIST-01122,user_2649,False,Maintenance,Sports Complex,Paint is peeling off walls in the main corridor,Critical,Management,1,student,2026-07-17T17:40:34,Submitted,negative,
HIST-01123,user_2345,False,Infrastructure,Academic Block B,Benches in the main auditorium are broken,High,Mechanical,3,student,2026-07-27T10:55:59,Closed,negative,Closed without further action required
HIST-01124,user_2348,False,Network/IT,Boys Hostel A,WiFi signal is weak and unstable in hostel,Low,Physics,4,student,2026-03-13T22:53:28,Closed,neutral,Issue closed after investigation found no violation
HIST-01125,user_1139,False,Infrastructure,Not Applicable,Parking area is insufficient and poorly organized,Medium,Computer Science,3,faculty,2026-07-12T14:35:37,Resolved,negative,Corrective action taken and verified
HIST-01126,user_3458,False,Transport,Seminar Hall,Bus timings are not aligned with class schedules,High,Mathematics,4,staff,2026-02-25T05:09:48,Submitted,neutral,
HIST-01127,user_9853,False,Maintenance,Not Applicable,Air conditioning in department seminar hall is not working,Low,Computer Science,1,student,2026-06-16T07:26:38,In Progress,negative,
HIST-01128,user_8021,False,Water/Sanitation,Hostel C,The overhead water tank in hostel is not being filled regularly,Medium,Management,1,student,2025-10-23T01:29:29,Under Review,neutral,
HIST-01129,user_9071,False,Network/IT,Boys Hostel A,Internet not working properly in hostel during evening hours,Medium,Civil,2,student,2026-05-18T22:48:53,Resolved,negative,Resolved after escalation to concerned authority
HIST-01130,user_2512,False,Transport,Route 3 Stop,Bus driver on Route 3 drives rashly and it is very unsafe,Low,Mathematics,2,faculty,2025-11-20T13:21:27,Resolved,negative,Issue resolved after maintenance team intervention
HIST-01131,user_3488,False,Water/Sanitation,Hostel D,Sanitation in hostel is poor due to water shortage,Medium,Chemical,1,student,2026-06-14T12:32:03,Resolved,negative,Issue resolved after maintenance team intervention
HIST-01132,user_1841,False,Maintenance,Academic Block B,Door handles in classrooms are broken,Low,Electronics,3,staff,2026-06-18T11:12:38,Resolved,negative,Problem fixed following department review
HIST-01133,user_1034,False,Network/IT,Hostel C,Cannot access internet from hostel room in the evening,Medium,Chemical,4,faculty,2026-02-08T22:07:26,Resolved,neutral,Corrective action taken and verified
HIST-01134,user_8720,False,Library,Academic Block B,Library timings do not accommodate evening students,Medium,Chemical,2,staff,2025-11-12T22:42:56,Resolved,neutral,Issue resolved after maintenance team intervention
HIST-01135,user_3909,False,Network/IT,Boys Hostel A,Internet not working properly in hostel during evening hours,High,Physics,1,faculty,2026-01-02T19:07:03,Submitted,negative,
HIST-01136,user_1535,False,Water/Sanitation,Hostel D,Water leaking from pipes in hostel basement for over two weeks,High,Chemical,1,student,2025-10-25T12:10:19,Under Review,negative,
HIST-01137,user_3186,False,Electricity,Block C,Lights keep flickering in Block C during lab sessions,Low,Management,3,student,2026-05-25T15:22:30,Resolved,neutral,Resolved after escalation to concerned authority
HIST-01138,user_5774,False,Electricity,Auditorium,Generator backup is slow during power outages,Low,Computer Science,2,student,2026-06-16T04:13:17,Closed,negative,Closed without further action required
HIST-01139,user_7009,False,Transport,Transport Area,We missed exams because Route 3 bus was cancelled without notification,Critical,Mathematics,1,student,2026-02-05T01:28:42,Resolved,negative,Corrective action taken and verified
HIST-01140,user_6853,True,Harassment,Campus Common Area,There is ongoing bullying in the hostel common room,Critical,Management,1,student,2025-12-14T04:39:26,Submitted,negative,
HIST-01141,user_2433,False,Transport,Transport Area,We missed exams because Route 3 bus was cancelled without notification,Medium,Electronics,3,student,2026-08-06T10:33:09,Resolved,negative,Issue resolved after maintenance team intervention
HIST-01142,user_1662,False,Electricity,Block C,The main electrical panel in Block C needs urgent maintenance,High,Computer Science,3,faculty,2026-04-26T22:09:16,Submitted,neutral,
HIST-01143,user_3706,False,Network/IT,Hostel C,WiFi keeps disconnecting in my hostel room,High,Civil,4,student,2026-01-28T17:13:59,Resolved,neutral,Corrective action taken and verified
HIST-01144,user_6075,False,Network/IT,Hostel C,WiFi signal is weak and unstable in hostel,High,Computer Science,1,student,2026-09-10T22:57:09,Submitted,neutral,
HIST-01145,user_6409,False,Library,Academic Block B,Library is too noisy to study in,Medium,Computer Science,3,faculty,2025-12-08T14:14:23,Closed,neutral,Withdrawn by submitter
HIST-01146,user_2637,False,Electricity,Block C Lab,Frequent power cuts in Block C classrooms are disrupting lectures,Low,Chemical,1,student,2026-09-12T12:40:48,Resolved,neutral,Problem fixed following department review
HIST-01147,user_1638,False,Water/Sanitation,Workshop,Water cooler on second floor of academic block is not working,Low,Physics,1,faculty,2026-05-29T14:43:12,In Progress,negative,
HIST-01148,user_2349,False,Water/Sanitation,Boys Hostel A,Sanitation in hostel is poor due to water shortage,Medium,Chemical,4,student,2026-09-19T20:29:09,Under Review,negative,
HIST-01149,user_1647,False,Academic,Computer Science Department,CS department year 2 lab slots keep changing without notice,Low,Computer Science,2,student,2026-09-13T10:56:18,Under Review,neutral,
HIST-01150,user_1003,False,Infrastructure,Seminar Hall,Roof of the old building is leaking during rains,Medium,Chemical,4,student,2026-05-08T13:25:29,Closed,negative,Issue closed after investigation found no violation
HIST-01151,user_4149,False,Water/Sanitation,Girls Hostel B,Hostel bathrooms have intermittent water availability,High,Management,1,student,2026-01-22T16:23:20,Resolved,neutral,Problem fixed following department review
HIST-01152,user_3784,False,Hostel,Sports Complex,Pest infestation noticed in hostel rooms,High,Computer Science,3,staff,2026-08-16T18:40:27,Closed,negative,Withdrawn by submitter
HIST-01153,user_7403,False,Transport,Transport Area,Route 3 bus schedule has not been updated for months,Medium,Mathematics,3,faculty,2026-01-17T14:46:14,In Progress,neutral,
HIST-01154,user_9034,False,Academic,Workshop,Professor is not available during office hours,Low,Mathematics,4,student,2026-08-02T05:03:31,Submitted,neutral,
HIST-01155,user_2761,False,Academic,Auditorium,Lab equipment is outdated and insufficient for practicals,Medium,Mechanical,4,student,2026-02-01T11:56:52,Resolved,negative,Issue addressed and closed by department
HIST-01156,user_5379,False,Water/Sanitation,Canteen,Washrooms near the auditorium are not cleaned regularly,High,Physics,1,student,2025-12-20T09:33:04,Resolved,neutral,Resolved after escalation to concerned authority
HIST-01157,user_5774,False,Infrastructure,Admin Block,Pathway between departments is flooded after rain,Medium,Mechanical,3,student,2026-02-11T15:49:01,Resolved,negative,Issue addressed and closed by department
HIST-01158,user_9619,False,Transport,Main Gate Bus Stop,Route 3 has too few buses for the number of students,Medium,Computer Science,1,student,2026-09-12T06:26:15,Resolved,neutral,Problem fixed following department review
HIST-01159,user_2174,False,Water/Sanitation,Boys Hostel A,Water leaking from pipes in hostel basement for over two weeks,Low,Civil,2,student,2026-01-21T08:21:20,Closed,negative,Issue closed after investigation found no violation
HIST-01160,user_5660,False,Network/IT,Boys Hostel A,Hostel WiFi becomes very slow in the evening,Critical,Management,2,student,2026-02-16T17:03:18,Under Review,negative,
HIST-01161,user_3271,False,Transport,Main Building,College bus is not air-conditioned and it is very hot,Medium,Mechanical,2,faculty,2025-11-16T06:28:00,Submitted,neutral,
HIST-01162,user_2064,False,Canteen,Admin Block,Vending machines in canteen are frequently out of stock,Low,Mathematics,1,faculty,2025-11-07T11:24:02,Resolved,neutral,Issue addressed and closed by department
HIST-01163,user_8574,False,Transport,Transport Area,The college bus on Route 3 frequently breaks down,Low,Physics,4,staff,2026-09-28T23:41:16,Resolved,neutral,Issue addressed and closed by department
HIST-01164,user_5259,False,Electricity,Block C Classroom,Block C classroom fans and lights stop working randomly,Low,Mechanical,4,student,2025-11-01T15:04:30,Under Review,neutral,
HIST-01165,user_3578,False,Transport,Admin Block,Shuttle service between campus buildings has been discontinued,Critical,Management,2,student,2025-12-07T21:06:41,Submitted,neutral,
HIST-01166,user_9435,False,Water/Sanitation,Hostel C,No water supply in the hostel from midnight to 6am,Medium,Mechanical,4,student,2026-07-16T04:30:33,Closed,negative,Issue closed after investigation found no violation
HIST-01167,user_2574,False,Water/Sanitation,Hostel D,Hostel water supply disrupted due to maintenance without prior notice,Critical,Mechanical,2,staff,2026-07-15T07:32:32,Resolved,neutral,Issue resolved after maintenance team intervention
HIST-01168,user_9133,False,Network/IT,Girls Hostel B,Network connectivity in hostel is extremely poor after 6pm,High,Mathematics,3,staff,2025-11-22T19:32:35,Under Review,negative,
HIST-01169,user_4666,True,Bullying,Near Library,Some individuals are targeting students from a specific background,Medium,Physics,1,student,2025-12-11T10:14:05,Under Review,negative,
HIST-01170,user_5648,False,Electricity,Block C Lab,We experience load shedding only in Block C every afternoon,Low,Computer Science,3,student,2026-01-12T23:38:03,In Progress,neutral,
HIST-01171,user_1524,False,Water/Sanitation,Hostel C,Water leaking from pipes in hostel basement for over two weeks,Medium,Computer Science,3,student,2026-06-11T09:58:04,Submitted,negative,
HIST-01172,user_7445,False,Water/Sanitation,Girls Hostel B,Sanitation in hostel is poor due to water shortage,Medium,Management,1,student,2025-12-30T23:00:59,Resolved,negative,Issue resolved after maintenance team intervention
HIST-01173,user_6548,False,Canteen,Admin Block,Canteen hygiene standards need improvement,Medium,Chemical,2,student,2025-12-04T15:20:42,Submitted,neutral,
HIST-01174,user_3667,False,Hostel,Auditorium,Hostel rooms have insufficient lighting,Medium,Mechanical,4,faculty,2026-08-07T13:31:44,Submitted,negative,
HIST-01175,user_8744,False,Academic,Workshop,Professor is not available during office hours,Critical,Computer Science,4,student,2026-04-06T23:16:41,Resolved,neutral,Problem fixed following department review
HIST-01176,user_8413,False,Electricity,Block C,The electricity in Block C Lab trips without warning,High,Chemical,2,faculty,2026-02-18T23:43:24,Closed,neutral,Closed without further action required
HIST-01177,user_6877,False,Other,Academic Block A,Student ID card issuance is taking too long,High,Management,3,faculty,2025-11-18T20:29:19,Under Review,neutral,
HIST-01178,user_9337,False,Infrastructure,Sports Complex,Elevator in the admin block is out of order,Medium,Mathematics,4,faculty,2026-07-30T03:47:51,In Progress,neutral,
HIST-01179,user_6020,False,Academic,Computer Science Department,No feedback session was held for second year CS students this term,Medium,Computer Science,2,student,2025-11-16T05:07:34,Resolved,neutral,Issue resolved after maintenance team intervention
HIST-01180,user_5811,False,Water/Sanitation,New Hostel Block,Hostel bathrooms have intermittent water availability,Medium,Physics,3,student,2026-08-10T06:41:28,Closed,neutral,Issue closed after investigation found no violation
HIST-01181,user_7571,False,Network/IT,Boys Hostel A,Network connectivity in hostel is extremely poor after 6pm,Medium,Physics,2,student,2026-05-17T18:14:29,Submitted,negative,
HIST-01182,user_7848,False,Academic,Computer Science Department,The project guidelines for second year CS course are unclear,High,Computer Science,2,student,2025-11-17T12:56:33,In Progress,neutral,
HIST-01183,user_4852,False,Transport,Route 3 Stop,Bus on Route 3 is always late by 30 to 45 minutes,Medium,Electronics,4,student,2026-07-30T05:08:01,In Progress,negative,
HIST-01184,user_6067,False,Hostel,Academic Block A,Hostel curfew rules are being applied inconsistently,Low,Computer Science,4,staff,2026-08-13T22:14:16,Resolved,negative,Problem fixed following department review
HIST-01185,user_6351,False,Water/Sanitation,Girls Hostel B,The overhead water tank in hostel is not being filled regularly,Low,Civil,3,student,2026-06-14T08:41:30,Resolved,neutral,Corrective action taken and verified
HIST-01186,user_4449,False,Infrastructure,Seminar Hall,Elevator in the admin block is out of order,Medium,Physics,3,student,2026-05-25T13:28:27,Resolved,neutral,Issue addressed and closed by department
HIST-01187,user_4943,False,Water/Sanitation,Hostel D,Hostel water supply is completely cut off during weekends,Medium,Chemical,3,student,2026-09-07T05:38:37,Resolved,negative,Resolved after escalation to concerned authority
HIST-01188,user_8557,False,Transport,Main Gate Bus Stop,Route 3 has too few buses for the number of students,Low,Chemical,4,student,2025-11-22T16:09:07,Submitted,neutral,
HIST-01189,user_3436,False,Academic,Computer Science Department,Mid-semester exams clashed for second year CS department students,Low,Computer Science,2,student,2026-05-26T08:51:27,Resolved,neutral,Issue addressed and closed by department
HIST-01190,user_3543,False,Library,Library,Library timings do not accommodate evening students,Low,Chemical,3,faculty,2025-10-11T21:15:54,Submitted,neutral,
HIST-01191,user_1602,False,Water/Sanitation,Boys Hostel A,The overhead water tank in hostel is not being filled regularly,Low,Computer Science,2,student,2026-06-30T00:03:12,Resolved,neutral,Issue resolved after maintenance team intervention
HIST-01192,user_2301,False,Transport,Route 3 Stop,Route 3 bus schedule has not been updated for months,Medium,Physics,2,student,2026-02-27T12:04:31,Submitted,neutral,
HIST-01193,user_1962,False,Network/IT,Girls Hostel B,The internet bandwidth in hostel is severely throttled after sunset,Medium,Civil,3,student,2026-06-10T17:58:49,Submitted,neutral,
HIST-01194,user_2928,False,Hostel,Not Applicable,Pest infestation noticed in hostel rooms,Low,Physics,2,student,2026-09-20T17:36:19,Under Review,negative,
HIST-01195,user_3419,False,Network/IT,Boys Hostel A,Internet not working properly in hostel during evening hours,High,Chemical,4,student,2026-01-17T20:04:45,In Progress,negative,
HIST-01196,user_2764,False,Electricity,Block C Classroom,The electricity in Block C Lab trips without warning,High,Electronics,3,student,2025-10-21T23:20:31,Under Review,neutral,
HIST-01197,user_8355,False,Other,Academic Block A,Campus events are not announced with sufficient advance notice,Low,Computer Science,3,staff,2026-09-28T12:23:05,Submitted,neutral,
HIST-01198,user_3066,False,Electricity,Block C Classroom,We experience load shedding only in Block C every afternoon,High,Electronics,2,student,2026-07-08T02:15:27,In Progress,neutral,
HIST-01199,user_3446,False,Water/Sanitation,Canteen,Washrooms near the auditorium are not cleaned regularly,Medium,Management,2,faculty,2025-11-22T20:57:02,Resolved,neutral,Corrective action taken and verified
HIST-01200,user_2203,False,Academic,Computer Science Department,The syllabus for second year CS subjects was not updated this semester,Medium,Computer Science,2,student,2026-07-29T15:35:44,Closed,neutral,Issue closed after investigation found no violation
HIST-01201,user_5628,False,Water/Sanitation,Hostel D,Drinking water supply in hostel corridor taps is inconsistent,Critical,Computer Science,1,student,2026-05-31T08:11:27,Submitted,negative,
HIST-01202,user_6451,False,Network/IT,Boys Hostel A,Internet speed drops drastically at night in hostel,Low,Management,4,student,2025-12-31T19:45:18,Submitted,neutral,
HIST-01203,user_6242,False,Hostel,Not Applicable,Common room TV has been broken for over a month,High,Chemical,4,student,2026-08-06T17:17:05,Submitted,negative,
HIST-01204,user_4919,False,Network/IT,Library,Campus Wi-Fi password was changed without informing students,Medium,Computer Science,4,student,2026-07-09T12:50:43,Submitted,neutral,
HIST-01205,user_8890,False,Academic,Computer Science Department,Year 2 CS students have excessive workload with overlapping assignments,High,Computer Science,2,student,2026-01-10T20:40:57,Under Review,neutral,
HIST-01206,user_8132,False,Transport,Sports Complex,College bus is not air-conditioned and it is very hot,Medium,Mathematics,2,staff,2025-12-23T06:41:41,Resolved,neutral,Resolved after escalation to concerned authority
HIST-01207,user_7715,False,Electricity,Admin Block,Electrical board near the canteen looks dangerous,Low,Chemical,1,student,2026-04-12T06:23:21,In Progress,negative,
HIST-01208,user_3008,False,Network/IT,Hostel C,Network connectivity in hostel is extremely poor after 6pm,Medium,Management,1,student,2026-02-09T19:42:06,Closed,negative,Issue closed after investigation found no violation
HIST-01209,user_5956,False,Water/Sanitation,New Hostel Block,Water pressure in hostel is too low to use showers,Medium,Mathematics,4,student,2026-07-15T04:51:41,Under Review,neutral,
HIST-01210,user_4436,False,Canteen,Auditorium,Canteen is too crowded during lunch break,Medium,Physics,4,student,2025-11-16T13:52:27,Submitted,negative,
HIST-01211,user_8753,False,Hostel,Canteen,Hostel rooms have insufficient lighting,Medium,Electronics,1,faculty,2025-11-11T14:52:08,In Progress,negative,
HIST-01212,user_1554,False,Water/Sanitation,Girls Hostel B,Hot water facility in hostel is non-functional during winter mornings,Low,Physics,3,student,2025-10-19T02:12:00,In Progress,negative,
HIST-01213,user_6967,False,Electricity,Block C,The electricity in Block C Lab trips without warning,Low,Civil,2,student,2026-01-03T14:35:39,Resolved,neutral,Corrective action taken and verified
HIST-01214,user_3564,False,Water/Sanitation,Library,Water cooler on second floor of academic block is not working,High,Chemical,4,student,2026-08-03T20:04:24,In Progress,negative,
HIST-01215,user_7402,False,Library,Canteen,Some reference books are always checked out and unavailable,Low,Management,4,student,2026-09-13T00:11:16,Submitted,neutral,
HIST-01216,user_4137,False,Infrastructure,Academic Block B,Parking area is insufficient and poorly organized,Medium,Chemical,3,staff,2026-06-02T18:53:13,Under Review,negative,
HIST-01217,user_6653,False,Network/IT,Girls Hostel B,Internet speed drops drastically at night in hostel,Medium,Management,1,student,2025-11-25T17:35:59,Under Review,neutral,
HIST-01218,user_2082,False,Transport,Seminar Hall,Bus timings are not aligned with class schedules,High,Mechanical,3,faculty,2025-11-06T19:08:14,Closed,neutral,Closed without further action required
HIST-01219,user_1801,False,Network/IT,Boys Hostel A,My hostel room has no WiFi signal after 7pm every day,Low,Physics,1,student,2025-10-28T17:38:02,Submitted,neutral,
HIST-01220,user_1514,False,Network/IT,Girls Hostel B,Internet speed drops drastically at night in hostel,Critical,Mechanical,4,staff,2026-04-18T22:17:26,Closed,neutral,Issue closed after investigation found no violation
HIST-01221,user_5131,False,Water/Sanitation,Girls Hostel B,Water leaking from pipes in hostel basement for over two weeks,Medium,Electronics,1,student,2025-10-28T19:33:38,Closed,negative,Issue closed after investigation found no violation
HIST-01222,user_7382,False,Water/Sanitation,Academic Block A,Washrooms near the auditorium are not cleaned regularly,High,Mathematics,4,student,2025-11-15T04:24:18,Under Review,neutral,
HIST-01223,user_4056,False,Water/Sanitation,New Hostel Block,Water leaking from pipes in hostel basement for over two weeks,Medium,Mechanical,3,student,2026-07-24T21:52:20,Closed,negative,Closed without further action required
HIST-01224,user_9152,False,Water/Sanitation,Auditorium,Drainage in the main corridor gets clogged after rain,Medium,Chemical,4,student,2026-01-06T21:43:58,Resolved,negative,Resolved after escalation to concerned authority
HIST-01225,user_8594,False,Transport,Not Applicable,Bus timings are not aligned with class schedules,Medium,Civil,3,staff,2026-06-09T09:30:34,Submitted,neutral,
HIST-01226,user_7512,False,Academic,Computer Science Department,The syllabus for second year CS subjects was not updated this semester,Medium,Computer Science,2,student,2026-03-28T00:51:46,Resolved,neutral,Issue resolved after maintenance team intervention
HIST-01227,user_6301,False,Network/IT,Boys Hostel A,Hostel network is almost unusable at night,Critical,Electronics,1,faculty,2026-09-18T21:12:36,In Progress,negative,
HIST-01228,user_8366,False,Transport,Route 3 Stop,Bus on Route 3 is always late by 30 to 45 minutes,Medium,Mechanical,1,student,2026-02-21T01:59:15,In Progress,negative,
HIST-01229,user_3177,False,Academic,Computer Science Department,The project guidelines for second year CS course are unclear,High,Computer Science,2,student,2026-09-20T19:12:23,Resolved,neutral,Corrective action taken and verified
HIST-01230,user_6356,False,Transport,Not Applicable,Bus timings are not aligned with class schedules,Critical,Civil,3,student,2026-05-10T00:50:55,Resolved,neutral,Issue addressed and closed by department
HIST-01231,user_7919,False,Electricity,Block C,Lights keep flickering in Block C during lab sessions,Medium,Management,3,student,2026-01-29T09:39:46,Under Review,neutral,
HIST-01232,user_6157,True,Bullying,Hostel,A group of seniors is creating a hostile environment for juniors,Medium,Civil,3,student,2026-08-13T01:32:01,In Progress,negative,
HIST-01233,user_4014,False,Academic,Sports Complex,Lab equipment is outdated and insufficient for practicals,Low,Management,1,student,2026-03-31T12:05:01,Under Review,negative,
HIST-01234,user_1121,False,Electricity,Block C Lab,Faulty wiring in Block C caused a short circuit last week,Low,Chemical,2,staff,2026-06-24T23:34:56,Submitted,negative,
HIST-01235,user_3689,False,Academic,Computer Science Department,Mid-semester exams clashed for second year CS department students,Low,Computer Science,2,student,2026-06-02T21:01:48,Closed,neutral,Withdrawn by submitter
HIST-01236,user_5105,False,Network/IT,Hostel C,Network connectivity in hostel is extremely poor after 6pm,High,Physics,4,student,2026-03-07T22:06:11,Resolved,negative,Issue resolved after maintenance team intervention
HIST-01237,user_7812,False,Network/IT,Girls Hostel B,Internet speed drops drastically at night in hostel,Medium,Mathematics,3,student,2026-07-07T19:15:16,Submitted,neutral,
HIST-01238,user_2527,False,Network/IT,Hostel C,Hostel WiFi becomes very slow in the evening,Low,Physics,1,student,2026-07-03T20:13:39,Closed,negative,Issue closed after investigation found no violation
HIST-01239,user_8977,False,Water/Sanitation,New Hostel Block,Water pressure in hostel is too low to use showers,Low,Computer Science,4,student,2026-03-24T21:19:39,Closed,neutral,Closed without further action required
HIST-01240,user_6481,False,Library,Workshop,Library is too noisy to study in,High,Chemical,2,student,2026-05-16T05:18:27,Resolved,neutral,Issue addressed and closed by department
HIST-01241,user_3427,False,Library,Canteen,Some reference books are always checked out and unavailable,Low,Chemical,4,staff,2026-02-23T16:35:04,Resolved,neutral,Corrective action taken and verified
HIST-01242,user_1688,False,Water/Sanitation,Admin Block,Drainage in the main corridor gets clogged after rain,Medium,Management,2,faculty,2025-11-08T21:42:47,Under Review,negative,
HIST-01243,user_3299,True,Bullying,Hostel,Some individuals are targeting students from a specific background,High,Chemical,2,student,2026-04-15T19:58:02,Submitted,negative,
HIST-01244,user_4932,False,Transport,Route 3 Stop,Bus driver on Route 3 drives rashly and it is very unsafe,Low,Chemical,4,student,2026-03-24T11:18:51,Under Review,negative,
HIST-01245,user_9401,False,Academic,Sports Complex,Attendance records show errors in the portal,Low,Chemical,1,student,2026-07-24T22:42:16,In Progress,negative,
HIST-01246,user_9115,False,Transport,Transport Area,We missed exams because Route 3 bus was cancelled without notification,Low,Chemical,4,student,2025-11-26T14:00:51,Under Review,negative,
HIST-01247,user_5552,False,Infrastructure,Main Building,Pathway between departments is flooded after rain,Low,Mechanical,4,student,2026-04-09T11:42:29,Resolved,negative,Issue resolved after maintenance team intervention
HIST-01248,user_4313,False,Network/IT,Girls Hostel B,Internet speed drops drastically at night in hostel,Medium,Computer Science,3,student,2025-10-14T17:30:54,In Progress,neutral,
HIST-01249,user_3957,False,Academic,Computer Science Department,CS department year 2 lab slots keep changing without notice,Low,Computer Science,2,student,2026-09-01T11:19:27,In Progress,neutral,
HIST-01250,user_7846,False,Academic,Computer Science Department,Second year CS students are not getting study materials on time,Medium,Computer Science,2,student,2025-10-17T02:17:58,Submitted,neutral,
HIST-01251,user_1629,True,Harassment,Campus Common Area,Verbal harassment occurred in a common area on campus,Critical,Mechanical,4,student,2026-06-14T00:23:02,Submitted,negative,
HIST-01252,user_1151,False,Electricity,Block C Lab,Faulty wiring in Block C caused a short circuit last week,Medium,Computer Science,4,student,2026-02-28T07:20:02,Resolved,negative,Issue resolved after maintenance team intervention
HIST-01253,user_6910,False,Infrastructure,Sports Complex,Pathway between departments is flooded after rain,Medium,Management,2,student,2026-08-22T20:45:15,In Progress,negative,
HIST-01254,user_6619,False,Maintenance,Auditorium,Paint is peeling off walls in the main corridor,Low,Mathematics,4,staff,2025-10-23T16:35:59,Closed,negative,Closed without further action required
HIST-01255,user_7111,False,Water/Sanitation,Canteen,Washrooms near the auditorium are not cleaned regularly,High,Electronics,1,student,2026-01-24T11:10:28,Resolved,neutral,Issue resolved after maintenance team intervention
HIST-01256,user_6524,False,Network/IT,Girls Hostel B,The internet bandwidth in hostel is severely throttled after sunset,Low,Electronics,1,student,2026-03-13T20:29:13,Under Review,neutral,
HIST-01257,user_1044,False,Network/IT,Girls Hostel B,"Network issues persist in hostel, reported multiple times",Medium,Management,2,faculty,2026-09-06T17:33:28,Resolved,neutral,Issue addressed and closed by department
HIST-01258,user_2713,True,Harassment,Near Library,A group of seniors is creating a hostile environment for juniors,Low,Civil,1,student,2026-06-06T01:17:21,Under Review,negative,
HIST-01259,user_8910,False,Electricity,Block C Classroom,Faulty wiring in Block C caused a short circuit last week,Low,Civil,2,faculty,2025-11-26T04:54:37,Submitted,negative,
HIST-01260,user_9209,False,Transport,Transport Area,Route 3 bus is severely overcrowded every morning,High,Mechanical,4,student,2025-10-12T08:45:30,Resolved,negative,Resolved after escalation to concerned authority
HIST-01261,user_4304,False,Academic,Computer Science Department,Faculty for second year Computer Science subjects is frequently absent,High,Computer Science,2,student,2025-10-06T19:25:15,Resolved,negative,Issue addressed and closed by department
HIST-01262,user_4458,False,Electricity,Block C Lab,The main electrical panel in Block C needs urgent maintenance,Low,Management,2,student,2025-10-31T07:34:55,In Progress,neutral,
HIST-01263,user_3421,False,Water/Sanitation,Library,Drainage in the main corridor gets clogged after rain,High,Civil,3,student,2026-02-20T10:21:32,Resolved,negative,Issue resolved after maintenance team intervention
HIST-01264,user_6447,False,Academic,Computer Science Department,The syllabus for second year CS subjects was not updated this semester,High,Computer Science,2,student,2026-09-21T11:33:49,Submitted,neutral,
HIST-01265,user_9273,False,Academic,Computer Science Department,Year 2 CS students have excessive workload with overlapping assignments,Critical,Computer Science,2,student,2026-05-17T22:38:22,Resolved,neutral,Problem fixed following department review
HIST-01266,user_5480,False,Network/IT,Girls Hostel B,My hostel room has no WiFi signal after 7pm every day,High,Mathematics,2,student,2025-10-20T21:55:14,Resolved,neutral,Resolved after escalation to concerned authority
HIST-01267,user_9697,False,Transport,Main Gate Bus Stop,Students waiting for Route 3 bus are stranded for over an hour,Medium,Mechanical,3,student,2026-04-23T22:13:18,Submitted,negative,
HIST-01268,user_7401,False,Water/Sanitation,Hostel C,Drinking water supply in hostel corridor taps is inconsistent,Medium,Mathematics,2,student,2026-02-20T19:04:55,In Progress,negative,
HIST-01269,user_9662,False,Network/IT,Girls Hostel B,Internet speed drops drastically at night in hostel,High,Computer Science,4,student,2025-12-14T21:23:39,Under Review,neutral,
HIST-01270,user_4222,False,Transport,Route 3 Stop,Students waiting for Route 3 bus are stranded for over an hour,Low,Mechanical,3,student,2025-12-25T02:51:16,Resolved,negative,Problem fixed following department review
HIST-01271,user_8126,False,Water/Sanitation,Hostel D,Drinking water supply in hostel corridor taps is inconsistent,High,Physics,2,student,2026-05-17T22:00:57,Under Review,negative,
HIST-01272,user_1645,False,Canteen,Library,Vending machines in canteen are frequently out of stock,Medium,Chemical,3,student,2025-11-12T05:26:09,Resolved,neutral,Issue addressed and closed by department
HIST-01273,user_8453,False,Electricity,Block C Lab,Faulty wiring in Block C caused a short circuit last week,Critical,Electronics,1,student,2025-10-31T18:01:53,Resolved,negative,Resolved after escalation to concerned authority
HIST-01274,user_9964,False,Academic,Computer Science Department,Internal assessment marks for second year CS batch were not uploaded,Medium,Computer Science,2,student,2026-06-09T18:16:33,Resolved,neutral,Issue resolved after maintenance team intervention
HIST-01275,user_5754,False,Infrastructure,Not Applicable,Elevator in the admin block is out of order,Critical,Electronics,1,student,2025-11-19T08:03:41,Resolved,neutral,Issue addressed and closed by department
HIST-01276,user_9827,False,Maintenance,Seminar Hall,Paint is peeling off walls in the main corridor,Medium,Physics,4,student,2026-02-21T10:49:46,Under Review,negative,
HIST-01277,user_8478,False,Network/IT,Boys Hostel A,"Network issues persist in hostel, reported multiple times",Medium,Chemical,4,student,2025-12-19T21:34:11,Resolved,neutral,Issue addressed and closed by department
HIST-01278,user_1729,False,Transport,Route 3 Stop,Route 3 bus skips stops without any prior notice,Low,Civil,1,student,2026-06-02T14:16:38,Resolved,neutral,Resolved after escalation to concerned authority
HIST-01279,user_5661,False,Academic,Computer Science Department,Internal assessment marks for second year CS batch were not uploaded,Low,Computer Science,2,student,2026-07-11T20:07:04,Resolved,neutral,Corrective action taken and verified
HIST-01280,user_6449,False,Electricity,Block C Classroom,Frequent power cuts in Block C classrooms are disrupting lectures,Medium,Electronics,1,student,2025-11-22T07:18:49,In Progress,neutral,
HIST-01281,user_1293,False,Academic,Computer Science Department,Mid-semester exams clashed for second year CS department students,High,Computer Science,2,student,2025-11-03T04:55:20,Resolved,neutral,Issue addressed and closed by department
HIST-01282,user_7673,False,Transport,Sports Complex,Shuttle service between campus buildings has been discontinued,Medium,Chemical,3,student,2026-01-07T09:36:50,Resolved,neutral,Issue addressed and closed by department
HIST-01283,user_2028,False,Network/IT,Girls Hostel B,My hostel room has no WiFi signal after 7pm every day,Medium,Chemical,3,student,2025-11-23T20:09:29,Resolved,neutral,Problem fixed following department review
HIST-01284,user_8774,True,Bullying,Not Applicable,Verbal harassment occurred in a common area on campus,High,Civil,3,student,2026-09-02T14:56:57,In Progress,negative,
HIST-01285,user_7836,False,Library,Canteen,Library is too noisy to study in,Low,Computer Science,2,student,2026-03-30T00:32:56,Under Review,neutral,
HIST-01286,user_8594,True,Bullying,Hostel,Some individuals are targeting students from a specific background,Medium,Civil,1,student,2026-01-03T03:28:40,Submitted,negative,
HIST-01287,user_4783,False,Network/IT,Boys Hostel A,The internet bandwidth in hostel is severely throttled after sunset,Medium,Computer Science,1,student,2026-02-26T21:30:03,Under Review,neutral,
HIST-01288,user_6163,False,Network/IT,Girls Hostel B,WiFi keeps disconnecting in my hostel room,Critical,Mechanical,4,student,2026-03-03T19:59:50,In Progress,neutral,
HIST-01289,user_4651,False,Water/Sanitation,Hostel D,Hostel bathrooms have intermittent water availability,Critical,Chemical,4,student,2026-06-18T22:50:59,In Progress,neutral,
HIST-01290,user_8360,False,Transport,Transport Area,Route 3 bus skips stops without any prior notice,Low,Physics,4,faculty,2026-05-14T02:19:28,Under Review,neutral,
HIST-01291,user_5336,False,Network/IT,Hostel C,WiFi keeps disconnecting in my hostel room,High,Physics,4,faculty,2025-11-05T17:08:48,In Progress,neutral,
HIST-01292,user_5919,False,Academic,Computer Science Department,The project guidelines for second year CS course are unclear,Medium,Computer Science,2,student,2026-05-07T18:31:27,Submitted,neutral,
HIST-01293,user_1634,False,Electricity,Block C Classroom,Block C classroom fans and lights stop working randomly,High,Mechanical,2,faculty,2025-11-11T21:45:13,Closed,neutral,Closed without further action required
HIST-01294,user_4759,False,Other,Seminar Hall,Campus events are not announced with sufficient advance notice,Medium,Civil,1,staff,2026-01-10T16:07:22,Resolved,neutral,Corrective action taken and verified
HIST-01295,user_5163,False,Canteen,Academic Block A,Canteen is too crowded during lunch break,Low,Mathematics,3,faculty,2026-01-25T03:20:19,Closed,negative,Closed without further action required
HIST-01296,user_7468,False,Network/IT,Boys Hostel A,WiFi signal is weak and unstable in hostel,Medium,Civil,4,student,2025-12-17T20:06:08,In Progress,neutral,
HIST-01297,user_5347,False,Water/Sanitation,Hostel C,Sanitation in hostel is poor due to water shortage,Low,Management,4,student,2026-09-15T08:11:54,Submitted,negative,
HIST-01298,user_1070,False,Infrastructure,Library,Parking area is insufficient and poorly organized,Low,Computer Science,4,student,2026-09-27T07:55:14,Submitted,negative,
HIST-01299,user_9695,False,Transport,Main Gate Bus Stop,Route 3 bus skips stops without any prior notice,Low,Physics,2,student,2025-11-03T17:56:13,In Progress,neutral,
HIST-01300,user_4755,False,Library,Sports Complex,New edition textbooks are not available in the library,Low,Electronics,1,student,2026-09-03T13:20:21,Resolved,neutral,Problem fixed following department review
HIST-01301,user_1664,False,Network/IT,Hostel C,The internet bandwidth in hostel is severely throttled after sunset,Medium,Mechanical,1,student,2026-02-25T22:50:21,Under Review,neutral,
HIST-01302,user_4633,False,Water/Sanitation,Hostel D,Hostel bathrooms have intermittent water availability,High,Chemical,4,student,2026-08-09T08:12:18,In Progress,neutral,
HIST-01303,user_8360,False,Transport,Main Gate Bus Stop,Bus on Route 3 is always late by 30 to 45 minutes,Low,Mechanical,1,student,2026-01-09T10:42:44,Under Review,negative,
HIST-01304,user_4915,False,Electricity,Block C Classroom,We experience load shedding only in Block C every afternoon,Low,Chemical,2,student,2026-09-16T16:19:27,Submitted,neutral,
HIST-01305,user_7504,False,Academic,Admin Block,Course curriculum has not been revised in years,Low,Mathematics,1,staff,2026-02-18T04:46:18,Closed,neutral,Closed without further action required
HIST-01306,user_1036,False,Water/Sanitation,Hostel D,No water supply in the hostel from midnight to 6am,Critical,Chemical,3,student,2026-08-18T04:45:09,In Progress,negative,
HIST-01307,user_8045,False,Other,Library,Communication from admin about events is unclear,Low,Computer Science,2,student,2025-11-26T03:30:33,Submitted,neutral,
HIST-01308,user_1782,False,Electricity,Block C,Electrical wiring in Block C looks damaged and poses a safety hazard,Medium,Civil,3,student,2026-09-10T12:39:12,Under Review,negative,
HIST-01309,user_2246,False,Water/Sanitation,Girls Hostel B,The overhead water tank in hostel is not being filled regularly,High,Mechanical,4,student,2026-08-05T05:31:56,Resolved,neutral,Resolved after escalation to concerned authority
HIST-01310,user_5483,False,Electricity,Block C,The electricity in Block C Lab trips without warning,Low,Physics,3,student,2026-09-29T09:48:10,Submitted,neutral,
HIST-01311,user_9769,False,Electricity,Block C,The main electrical panel in Block C needs urgent maintenance,Critical,Mathematics,4,student,2026-02-13T07:11:28,Resolved,neutral,Resolved after escalation to concerned authority
HIST-01312,user_9954,False,Network/IT,Main Building,Computer lab systems frequently crash during practical exams,Medium,Computer Science,2,student,2026-03-22T10:45:34,Submitted,negative,
HIST-01313,user_7828,False,Network/IT,Hostel C,WiFi keeps disconnecting in my hostel room,Medium,Computer Science,2,student,2026-01-04T20:40:38,Resolved,neutral,Issue resolved after maintenance team intervention
HIST-01314,user_1267,False,Network/IT,Hostel C,Internet not working properly in hostel during evening hours,Medium,Civil,4,student,2026-07-02T17:00:13,In Progress,negative,
HIST-01315,user_9220,False,Water/Sanitation,Boys Hostel A,Water leaking from pipes in hostel basement for over two weeks,Low,Chemical,3,student,2026-07-23T19:36:51,Resolved,negative,Resolved after escalation to concerned authority
HIST-01316,user_6016,False,Network/IT,Boys Hostel A,Internet speed drops drastically at night in hostel,Medium,Mathematics,2,student,2026-05-18T21:35:21,Submitted,neutral,
HIST-01317,user_1838,False,Network/IT,Boys Hostel A,The internet bandwidth in hostel is severely throttled after sunset,Low,Management,4,faculty,2026-03-26T22:59:56,Resolved,neutral,Issue addressed and closed by department
HIST-01318,user_9136,False,Electricity,Not Applicable,Electrical board near the canteen looks dangerous,Medium,Civil,1,staff,2026-05-10T20:27:35,Submitted,negative,
HIST-01319,user_4496,False,Hostel,Library,Hostel rooms have insufficient lighting,Low,Mechanical,3,student,2025-12-19T01:35:21,Under Review,negative,
HIST-01320,user_9750,False,Electricity,Block C,Electrical wiring in Block C looks damaged and poses a safety hazard,Medium,Civil,3,faculty,2025-12-04T04:35:14,Submitted,negative,
HIST-01321,user_5711,False,Transport,Transport Area,Route 3 bus skips stops without any prior notice,Medium,Electronics,4,student,2026-05-22T04:23:13,In Progress,neutral,
HIST-01322,user_2898,False,Maintenance,Seminar Hall,Air conditioning in department seminar hall is not working,Low,Computer Science,2,student,2025-12-11T20:33:01,Resolved,negative,Resolved after escalation to concerned authority
HIST-01323,user_4847,False,Transport,Main Gate Bus Stop,Bus driver on Route 3 drives rashly and it is very unsafe,Medium,Physics,1,student,2026-02-13T03:22:57,Submitted,negative,
HIST-01324,user_7373,False,Network/IT,Boys Hostel A,Very poor internet speed in Boys Hostel after 5pm,Medium,Computer Science,3,staff,2026-08-24T22:41:21,In Progress,negative,
HIST-01325,user_6383,False,Network/IT,Hostel C,Hostel WiFi becomes very slow in the evening,Low,Civil,2,faculty,2025-11-05T21:27:02,Resolved,negative,Issue addressed and closed by department
HIST-01326,user_3903,False,Transport,Transport Area,Bus driver on Route 3 drives rashly and it is very unsafe,Low,Mathematics,3,student,2026-05-11T15:17:38,In Progress,negative,
HIST-01327,user_9930,False,Network/IT,Girls Hostel B,Cannot access internet from hostel room in the evening,Medium,Mechanical,3,staff,2026-01-23T21:17:54,Resolved,neutral,Corrective action taken and verified
HIST-01328,user_4281,False,Water/Sanitation,Boys Hostel A,Hostel water supply disrupted due to maintenance without prior notice,Medium,Electronics,2,student,2026-08-17T19:34:53,Submitted,neutral,
HIST-01329,user_1232,False,Academic,Computer Science Department,The project guidelines for second year CS course are unclear,Critical,Computer Science,2,student,2025-12-23T13:49:36,Resolved,neutral,Resolved after escalation to concerned authority
HIST-01330,user_8036,False,Other,Library,Communication from admin about events is unclear,High,Mechanical,4,student,2025-12-09T17:38:44,Resolved,neutral,Problem fixed following department review
HIST-01331,user_2305,False,Academic,Computer Science Department,Second year CS students are not getting study materials on time,Medium,Computer Science,2,student,2026-01-11T23:28:03,Submitted,neutral,
HIST-01332,user_6386,True,Bullying,Campus Common Area,Intimidation and threats were made during an event on campus,Medium,Mathematics,3,student,2025-12-21T14:55:06,Resolved,negative,Problem fixed following department review
HIST-01333,user_5023,False,Water/Sanitation,Hostel C,Hostel water supply is completely cut off during weekends,Low,Computer Science,1,student,2026-08-05T00:44:05,In Progress,negative,
HIST-01334,user_8862,False,Transport,Transport Area,Route 3 has too few buses for the number of students,High,Electronics,3,student,2025-11-19T01:53:59,In Progress,neutral,
HIST-01335,user_1338,False,Water/Sanitation,New Hostel Block,The overhead water tank in hostel is not being filled regularly,High,Chemical,3,student,2026-02-02T05:38:02,Closed,neutral,Closed without further action required
HIST-01336,user_2629,False,Network/IT,Hostel C,Hostel network is almost unusable at night,Low,Chemical,1,staff,2026-06-15T20:17:00,In Progress,negative,
HIST-01337,user_3127,False,Transport,Transport Area,Students waiting for Route 3 bus are stranded for over an hour,Critical,Management,2,student,2026-09-26T14:51:08,Submitted,negative,
HIST-01338,user_5230,False,Electricity,Block C Classroom,Lights keep flickering in Block C during lab sessions,Critical,Chemical,2,student,2026-03-28T20:43:36,In Progress,neutral,
HIST-01339,user_3769,False,Academic,Computer Science Department,The project guidelines for second year CS course are unclear,Medium,Computer Science,2,student,2026-07-04T00:43:54,Resolved,neutral,Issue resolved after maintenance team intervention
HIST-01340,user_5789,False,Hostel,Library,Common room TV has been broken for over a month,High,Physics,3,student,2026-01-17T11:25:07,Submitted,negative,
HIST-01341,user_5212,False,Infrastructure,Library,Roof of the old building is leaking during rains,High,Electronics,3,student,2026-02-27T08:14:09,Resolved,negative,Corrective action taken and verified
HIST-01342,user_7808,False,Electricity,Block C Classroom,Faulty wiring in Block C caused a short circuit last week,High,Computer Science,3,student,2026-06-14T23:04:36,Under Review,negative,
HIST-01343,user_3651,False,Network/IT,Not Applicable,Student portal is unavailable on mobile browsers,High,Computer Science,3,staff,2026-03-15T11:26:00,Under Review,neutral,
HIST-01344,user_7986,False,Infrastructure,Seminar Hall,Benches in the main auditorium are broken,Medium,Physics,2,student,2026-01-21T09:17:50,In Progress,negative,
HIST-01345,user_4343,False,Academic,Seminar Hall,Attendance records show errors in the portal,Medium,Management,2,student,2026-07-21T04:31:57,Closed,negative,Withdrawn by submitter
HIST-01346,user_3685,False,Transport,Canteen,College bus is not air-conditioned and it is very hot,Low,Mathematics,1,student,2025-11-25T04:11:34,Submitted,neutral,
HIST-01347,user_6921,False,Electricity,Block C Classroom,The electricity in Block C Lab trips without warning,Medium,Mechanical,2,faculty,2026-07-02T07:45:13,Submitted,neutral,
HIST-01348,user_2599,False,Network/IT,Canteen,Campus Wi-Fi password was changed without informing students,Medium,Electronics,2,faculty,2026-09-19T14:24:24,Closed,neutral,Closed without further action required
HIST-01349,user_5731,False,Electricity,Block C Lab,We experience load shedding only in Block C every afternoon,Low,Physics,2,student,2026-01-17T11:34:36,Resolved,neutral,Problem fixed following department review
HIST-01350,user_6070,False,Water/Sanitation,Hostel C,Hot water facility in hostel is non-functional during winter mornings,High,Physics,3,student,2026-03-08T18:14:54,Resolved,negative,Issue addressed and closed by department
HIST-01351,user_9885,False,Electricity,Block C Classroom,Faulty wiring in Block C caused a short circuit last week,Low,Mathematics,3,student,2026-09-11T12:20:37,In Progress,negative,
HIST-01352,user_9989,True,Harassment,Canteen,Verbal harassment occurred in a common area on campus,High,Physics,3,student,2025-10-05T04:24:08,In Progress,negative,
HIST-01353,user_2123,False,Electricity,Block C Classroom,Frequent power cuts in Block C classrooms are disrupting lectures,High,Chemical,1,student,2026-04-03T18:27:09,Closed,neutral,Withdrawn by submitter
HIST-01354,user_2248,False,Academic,Workshop,Lab equipment is outdated and insufficient for practicals,Medium,Mechanical,2,student,2026-06-21T01:09:12,Resolved,negative,Resolved after escalation to concerned authority
HIST-01355,user_3548,False,Water/Sanitation,Hostel D,Hot water facility in hostel is non-functional during winter mornings,Medium,Chemical,4,staff,2026-02-24T15:03:27,Resolved,negative,Issue resolved after maintenance team intervention
HIST-01356,user_2989,True,Bullying,Near Library,Inappropriate behavior was noticed near the canteen area,High,Electronics,2,student,2025-11-02T16:26:31,In Progress,negative,
HIST-01357,user_1054,False,Network/IT,Girls Hostel B,Hostel WiFi becomes very slow in the evening,Medium,Physics,2,student,2026-03-11T21:43:50,Submitted,negative,
HIST-01358,user_4924,False,Canteen,Canteen,Canteen hygiene standards need improvement,Medium,Physics,1,faculty,2026-07-31T14:24:55,Resolved,neutral,Resolved after escalation to concerned authority
HIST-01359,user_2081,True,Bullying,Not Applicable,There is ongoing bullying in the hostel common room,Medium,Physics,1,student,2025-11-14T03:04:08,Under Review,negative,
HIST-01360,user_5424,False,Academic,Canteen,Timetable clashes are causing attendance issues,Low,Physics,3,student,2026-09-14T04:24:21,Resolved,neutral,Resolved after escalation to concerned authority
HIST-01361,user_3932,False,Maintenance,Library,Paint is peeling off walls in the main corridor,Low,Management,3,faculty,2026-02-02T18:05:33,Submitted,negative,
HIST-01362,user_2857,False,Network/IT,Seminar Hall,Library computers are very slow and outdated,Medium,Computer Science,2,student,2026-06-19T02:25:20,In Progress,negative,
HIST-01363,user_8393,True,Bullying,Not Applicable,A group of seniors is creating a hostile environment for juniors,High,Mechanical,3,student,2026-02-27T10:36:50,Under Review,negative,
HIST-01364,user_6530,False,Water/Sanitation,Girls Hostel B,Sanitation in hostel is poor due to water shortage,Medium,Mechanical,3,student,2025-12-09T19:01:42,In Progress,negative,
HIST-01365,user_2989,False,Electricity,Block C,Block C classroom fans and lights stop working randomly,Medium,Mathematics,1,faculty,2026-04-08T07:11:22,Resolved,neutral,Problem fixed following department review
HIST-01366,user_9199,False,Network/IT,Hostel C,WiFi keeps disconnecting in my hostel room,Low,Physics,2,staff,2026-01-02T18:51:51,Under Review,neutral,
HIST-01367,user_9758,False,Electricity,Block C Classroom,Electrical wiring in Block C looks damaged and poses a safety hazard,Medium,Mathematics,4,student,2026-01-06T07:04:45,Resolved,negative,Corrective action taken and verified
HIST-01368,user_8623,False,Network/IT,Hostel C,Network connectivity in hostel is extremely poor after 6pm,Critical,Mechanical,1,student,2026-05-27T22:10:28,Resolved,negative,Issue resolved after maintenance team intervention
HIST-01369,user_9368,False,Electricity,Block C Lab,Block C classroom fans and lights stop working randomly,Low,Computer Science,1,staff,2026-06-19T12:17:49,Closed,neutral,Withdrawn by submitter
HIST-01370,user_3000,True,Harassment,Hostel,A group of seniors is creating a hostile environment for juniors,Medium,Chemical,1,student,2026-06-30T18:48:08,In Progress,negative,
HIST-01371,user_8884,False,Water/Sanitation,Boys Hostel A,Sanitation in hostel is poor due to water shortage,Low,Mechanical,3,staff,2026-06-26T10:29:22,Resolved,negative,Resolved after escalation to concerned authority
HIST-01372,user_5559,False,Hostel,Sports Complex,Pest infestation noticed in hostel rooms,High,Mathematics,2,staff,2026-07-10T03:21:06,Resolved,negative,Issue addressed and closed by department
HIST-01373,user_2364,True,Bullying,Canteen,There is ongoing bullying in the hostel common room,High,Computer Science,2,student,2025-12-01T09:04:01,In Progress,negative,
HIST-01374,user_6836,False,Network/IT,Girls Hostel B,Hostel network is almost unusable at night,Medium,Electronics,2,student,2026-02-01T22:17:15,Resolved,negative,Resolved after escalation to concerned authority
HIST-01375,user_2507,False,Transport,Seminar Hall,Bus timings are not aligned with class schedules,Medium,Mechanical,4,faculty,2026-08-04T15:14:25,Resolved,neutral,Corrective action taken and verified
HIST-01376,user_6787,False,Academic,Computer Science Department,No feedback session was held for second year CS students this term,Medium,Computer Science,2,student,2026-07-08T21:00:47,Submitted,neutral,
HIST-01377,user_3890,False,Academic,Computer Science Department,No feedback session was held for second year CS students this term,Low,Computer Science,2,student,2026-06-17T18:10:16,Resolved,neutral,Issue addressed and closed by department
HIST-01378,user_7355,False,Transport,Route 3 Stop,The college bus on Route 3 frequently breaks down,High,Civil,2,student,2026-05-28T20:35:06,Under Review,neutral,
HIST-01379,user_4101,False,Water/Sanitation,Hostel C,Water leaking from pipes in hostel basement for over two weeks,Medium,Chemical,4,faculty,2026-05-01T08:25:20,Resolved,negative,Issue addressed and closed by department
HIST-01380,user_9934,False,Transport,Workshop,Shuttle service between campus buildings has been discontinued,Medium,Electronics,3,staff,2026-03-19T23:55:59,Resolved,neutral,Issue resolved after maintenance team intervention
HIST-01381,user_5100,False,Transport,Main Gate Bus Stop,Students waiting for Route 3 bus are stranded for over an hour,Critical,Computer Science,1,student,2025-12-04T08:18:50,Resolved,negative,Problem fixed following department review
HIST-01382,user_1298,False,Other,Canteen,Student ID card issuance is taking too long,High,Computer Science,1,staff,2026-04-17T06:12:18,Submitted,neutral,
HIST-01383,user_2415,False,Network/IT,Boys Hostel A,Hostel network is almost unusable at night,Medium,Management,4,student,2026-02-25T20:11:43,Closed,negative,Withdrawn by submitter
HIST-01384,user_2039,False,Network/IT,Girls Hostel B,WiFi signal is weak and unstable in hostel,Low,Civil,1,student,2026-06-21T21:38:02,Submitted,neutral,
HIST-01385,user_3658,False,Academic,Computer Science Department,Second year CS students are not getting study materials on time,Medium,Computer Science,2,student,2026-09-30T08:39:44,Under Review,neutral,
HIST-01386,user_3388,False,Electricity,Block C Classroom,Lights keep flickering in Block C during lab sessions,Low,Civil,4,student,2026-09-04T16:17:31,In Progress,neutral,
HIST-01387,user_6604,False,Network/IT,Hostel C,Network connectivity in hostel is extremely poor after 6pm,Medium,Physics,2,faculty,2025-10-14T21:44:07,Resolved,negative,Problem fixed following department review
HIST-01388,user_3627,False,Network/IT,Girls Hostel B,"Network issues persist in hostel, reported multiple times",Medium,Physics,1,faculty,2026-02-19T22:57:51,Submitted,neutral,
HIST-01389,user_9553,False,Other,Auditorium,Student ID card issuance is taking too long,Low,Mathematics,2,faculty,2025-12-23T11:37:01,In Progress,neutral,
HIST-01390,user_9762,False,Transport,Academic Block B,College bus is not air-conditioned and it is very hot,Medium,Management,4,staff,2025-10-20T13:18:41,Submitted,neutral,
HIST-01391,user_4181,False,Infrastructure,Main Building,Pathway between departments is flooded after rain,Low,Civil,2,student,2026-07-01T09:34:21,Submitted,negative,
HIST-01392,user_8842,False,Academic,Computer Science Department,Internal assessment marks for second year CS batch were not uploaded,High,Computer Science,2,student,2026-07-25T14:35:11,In Progress,neutral,
HIST-01393,user_6757,False,Water/Sanitation,Academic Block A,Washrooms near the auditorium are not cleaned regularly,Medium,Mechanical,2,faculty,2026-07-14T22:13:50,Under Review,neutral,
HIST-01394,user_1488,False,Network/IT,Girls Hostel B,WiFi keeps disconnecting in my hostel room,Critical,Computer Science,1,student,2025-12-23T18:48:16,Under Review,neutral,
HIST-01395,user_6573,False,Water/Sanitation,Academic Block B,Washrooms near the auditorium are not cleaned regularly,Medium,Electronics,2,student,2025-10-17T20:38:40,Resolved,neutral,Issue resolved after maintenance team intervention
HIST-01396,user_7377,True,Harassment,Canteen,Intimidation and threats were made during an event on campus,Medium,Mathematics,4,student,2026-02-09T19:58:04,Resolved,negative,Issue resolved after maintenance team intervention
HIST-01397,user_8084,False,Water/Sanitation,Hostel C,Drinking water supply in hostel corridor taps is inconsistent,Critical,Civil,3,student,2026-06-28T12:25:50,In Progress,negative,
HIST-01398,user_2696,False,Transport,Admin Block,Bus timings are not aligned with class schedules,Medium,Management,1,student,2026-09-10T14:17:43,Resolved,neutral,Problem fixed following department review
HIST-01399,user_9395,False,Other,Main Building,Communication from admin about events is unclear,Medium,Electronics,4,student,2026-02-13T18:58:57,Under Review,neutral,
HIST-01400,user_7593,False,Electricity,Canteen,Streetlights near the sports complex do not work at night,High,Chemical,3,faculty,2025-11-21T02:21:37,In Progress,neutral,
HIST-01401,user_4479,False,Academic,Computer Science Department,Internal assessment marks for second year CS batch were not uploaded,High,Computer Science,2,student,2026-08-20T21:50:14,Closed,neutral,Closed without further action required
HIST-01402,user_3744,False,Maintenance,Academic Block A,Door handles in classrooms are broken,High,Mechanical,4,faculty,2025-10-10T08:36:37,Submitted,negative,
HIST-01403,user_4115,False,Academic,Computer Science Department,Mid-semester exams clashed for second year CS department students,High,Computer Science,2,student,2026-09-09T10:10:44,In Progress,neutral,
HIST-01404,user_8920,False,Water/Sanitation,Hostel C,Hot water facility in hostel is non-functional during winter mornings,Medium,Mathematics,2,faculty,2026-02-06T08:20:00,In Progress,negative,
HIST-01405,user_2096,False,Transport,Route 3 Stop,Route 3 has too few buses for the number of students,Medium,Chemical,3,student,2026-08-11T04:58:51,Resolved,neutral,Problem fixed following department review
HIST-01406,user_4715,False,Electricity,Block C,Block C classroom fans and lights stop working randomly,High,Mechanical,3,student,2025-12-28T00:06:49,Under Review,neutral,
HIST-01407,user_9099,False,Transport,Workshop,Shuttle service between campus buildings has been discontinued,Medium,Physics,1,staff,2026-07-12T05:53:16,Under Review,neutral,
HIST-01408,user_8501,False,Water/Sanitation,Hostel D,No water supply in the hostel from midnight to 6am,Low,Computer Science,2,staff,2026-09-12T03:12:32,Resolved,negative,Issue addressed and closed by department
HIST-01409,user_7345,True,Bullying,Hostel,A group of seniors is creating a hostile environment for juniors,High,Mechanical,2,student,2026-07-07T03:21:57,In Progress,negative,
HIST-01410,user_6279,False,Academic,Admin Block,Professor is not available during office hours,Low,Computer Science,3,student,2026-06-14T03:33:03,Submitted,neutral,
HIST-01411,user_7043,False,Transport,Transport Area,Students waiting for Route 3 bus are stranded for over an hour,Medium,Electronics,3,student,2026-02-08T13:52:33,Closed,negative,Closed without further action required
HIST-01412,user_4262,False,Network/IT,Boys Hostel A,My hostel room has no WiFi signal after 7pm every day,Low,Physics,3,student,2026-09-15T21:58:02,Resolved,neutral,Issue resolved after maintenance team intervention
HIST-01413,user_1687,False,Academic,Computer Science Department,The syllabus for second year CS subjects was not updated this semester,Medium,Computer Science,2,student,2026-05-13T00:02:39,Submitted,neutral,
HIST-01414,user_1596,False,Network/IT,Library,Computer lab systems frequently crash during practical exams,High,Computer Science,3,faculty,2026-05-14T06:18:24,Under Review,negative,
HIST-01415,user_8420,False,Transport,Route 3 Stop,Route 3 bus schedule has not been updated for months,Medium,Mathematics,1,student,2025-11-07T04:29:06,Resolved,neutral,Resolved after escalation to concerned authority
HIST-01416,user_4081,False,Canteen,Main Building,Canteen food prices have increased without any notice,Low,Computer Science,1,student,2025-10-31T20:00:16,Closed,neutral,Issue closed after investigation found no violation
HIST-01417,user_1060,False,Academic,Computer Science Department,Mid-semester exams clashed for second year CS department students,High,Computer Science,2,student,2026-06-10T12:56:21,In Progress,neutral,
HIST-01418,user_6823,False,Electricity,Block C Classroom,The main electrical panel in Block C needs urgent maintenance,Low,Mathematics,4,student,2026-01-25T19:31:32,In Progress,neutral,
HIST-01419,user_1280,False,Academic,Computer Science Department,Mid-semester exams clashed for second year CS department students,Medium,Computer Science,2,student,2025-11-29T13:10:45,In Progress,neutral,
HIST-01420,user_7103,False,Water/Sanitation,New Hostel Block,Hostel bathrooms have intermittent water availability,Critical,Physics,1,student,2026-01-03T22:16:11,Resolved,neutral,Problem fixed following department review
HIST-01421,user_6549,False,Network/IT,Main Building,Library computers are very slow and outdated,Medium,Management,4,faculty,2026-04-04T14:34:20,In Progress,negative,
HIST-01422,user_7808,False,Hostel,Seminar Hall,Common room TV has been broken for over a month,Low,Computer Science,1,student,2026-04-05T20:16:13,Resolved,negative,Issue addressed and closed by department
HIST-01423,user_1121,False,Electricity,Block C Classroom,We experience load shedding only in Block C every afternoon,Low,Computer Science,2,student,2025-12-19T11:27:37,Submitted,neutral,
HIST-01424,user_6163,False,Water/Sanitation,New Hostel Block,Drinking water supply in hostel corridor taps is inconsistent,Medium,Management,3,student,2026-07-15T14:14:42,Resolved,negative,Resolved after escalation to concerned authority
HIST-01425,user_8593,False,Academic,Computer Science Department,Faculty for second year Computer Science subjects is frequently absent,Critical,Computer Science,2,student,2026-07-30T23:04:11,Under Review,negative,
HIST-01426,user_2396,False,Academic,Computer Science Department,Second year CS students are not getting study materials on time,Critical,Computer Science,2,student,2025-12-29T07:33:58,Submitted,neutral,
HIST-01427,user_3196,False,Water/Sanitation,Workshop,Washrooms near the auditorium are not cleaned regularly,Critical,Computer Science,2,student,2026-06-30T06:20:00,In Progress,neutral,
HIST-01428,user_2572,False,Network/IT,Girls Hostel B,Internet not working properly in hostel during evening hours,Medium,Management,2,student,2025-10-25T21:47:34,Resolved,negative,Problem fixed following department review
HIST-01429,user_9528,False,Water/Sanitation,Hostel D,Sanitation in hostel is poor due to water shortage,High,Civil,4,faculty,2025-12-06T15:45:13,Submitted,negative,
HIST-01430,user_2908,False,Water/Sanitation,New Hostel Block,Drinking water supply in hostel corridor taps is inconsistent,Low,Chemical,2,student,2026-03-10T08:16:53,Submitted,negative,
HIST-01431,user_3224,False,Electricity,Block C Lab,Power supply in Block C cuts off multiple times a day,Medium,Computer Science,2,student,2026-08-08T08:46:50,Submitted,neutral,
HIST-01432,user_8756,False,Electricity,Block C Classroom,Electrical wiring in Block C looks damaged and poses a safety hazard,Medium,Computer Science,2,faculty,2026-09-29T03:51:30,Submitted,negative,
HIST-01433,user_9099,False,Network/IT,Hostel C,Internet speed drops drastically at night in hostel,Medium,Mechanical,2,student,2026-04-08T19:46:37,Submitted,neutral,
HIST-01434,user_6582,False,Transport,Canteen,Bus timings are not aligned with class schedules,Low,Chemical,1,student,2025-12-26T02:10:46,Under Review,neutral,
HIST-01435,user_2962,False,Electricity,Library,Electrical board near the canteen looks dangerous,Critical,Management,1,student,2025-10-17T13:25:30,Resolved,negative,Corrective action taken and verified
HIST-01436,user_1532,False,Network/IT,Girls Hostel B,My hostel room has no WiFi signal after 7pm every day,Medium,Computer Science,3,staff,2026-10-02T18:16:07,Resolved,neutral,Issue resolved after maintenance team intervention
HIST-01437,user_6194,False,Electricity,Block C Classroom,The electricity in Block C Lab trips without warning,Critical,Chemical,4,staff,2026-03-29T22:43:56,Resolved,neutral,Corrective action taken and verified
HIST-01438,user_5031,False,Electricity,Block C,Electrical wiring in Block C looks damaged and poses a safety hazard,Low,Computer Science,2,student,2026-04-08T03:24:59,Resolved,negative,Issue addressed and closed by department
HIST-01439,user_6112,False,Network/IT,Girls Hostel B,WiFi signal is weak and unstable in hostel,Medium,Management,3,student,2025-10-31T20:22:37,Resolved,neutral,Problem fixed following department review
HIST-01440,user_9799,False,Other,Auditorium,Student ID card issuance is taking too long,High,Mechanical,3,student,2026-01-05T14:14:01,Submitted,neutral,
HIST-01441,user_7973,False,Water/Sanitation,Hostel C,Water pressure in hostel is too low to use showers,High,Physics,3,faculty,2026-09-21T12:58:50,Submitted,neutral,
HIST-01442,user_5807,False,Network/IT,Sports Complex,Student portal is unavailable on mobile browsers,High,Mathematics,4,student,2026-05-09T10:46:14,Under Review,neutral,
HIST-01443,user_1637,False,Other,Main Building,Campus events are not announced with sufficient advance notice,Critical,Electronics,3,faculty,2025-11-04T16:29:37,Submitted,neutral,
HIST-01444,user_2746,False,Network/IT,Hostel C,The internet bandwidth in hostel is severely throttled after sunset,Medium,Physics,4,faculty,2025-11-03T22:34:34,In Progress,neutral,
HIST-01445,user_1899,False,Academic,Canteen,Lab equipment is outdated and insufficient for practicals,Low,Civil,3,student,2025-10-17T16:23:48,Resolved,negative,Resolved after escalation to concerned authority
HIST-01446,user_5918,False,Water/Sanitation,Hostel C,Hostel water supply disrupted due to maintenance without prior notice,Low,Management,1,student,2026-04-13T19:29:18,Closed,neutral,Issue closed after investigation found no violation
HIST-01447,user_3243,False,Academic,Computer Science Department,Second year CS students are not getting study materials on time,High,Computer Science,2,student,2026-03-18T22:14:04,Resolved,neutral,Corrective action taken and verified
HIST-01448,user_5231,False,Water/Sanitation,Hostel C,Hostel water supply is completely cut off during weekends,Low,Electronics,3,faculty,2026-03-02T14:29:10,Resolved,negative,Resolved after escalation to concerned authority
HIST-01449,user_7219,False,Network/IT,Girls Hostel B,My hostel room has no WiFi signal after 7pm every day,Critical,Electronics,2,student,2026-01-29T17:11:23,Resolved,neutral,Problem fixed following department review
HIST-01450,user_3507,False,Transport,Main Gate Bus Stop,Students waiting for Route 3 bus are stranded for over an hour,Medium,Mathematics,1,student,2025-10-19T16:35:40,Resolved,negative,Issue resolved after maintenance team intervention
HIST-01451,user_5598,False,Library,Academic Block B,Library is too noisy to study in,Low,Management,2,student,2025-10-10T20:44:09,In Progress,neutral,
HIST-01452,user_6569,True,Bullying,Not Applicable,Verbal harassment occurred in a common area on campus,High,Civil,4,student,2026-10-02T07:57:34,Submitted,negative,
HIST-01453,user_7750,True,Bullying,Near Library,There is ongoing bullying in the hostel common room,High,Civil,1,student,2026-01-01T00:36:18,Submitted,negative,
HIST-01454,user_2218,False,Electricity,Canteen,Generator backup is slow during power outages,Low,Electronics,1,student,2025-10-06T22:52:26,Submitted,negative,
HIST-01455,user_9699,False,Network/IT,Seminar Hall,Printing facility in computer lab has been non-functional for a week,Medium,Physics,4,staff,2026-07-21T12:00:30,Resolved,negative,Issue resolved after maintenance team intervention
HIST-01456,user_6960,False,Academic,Computer Science Department,Internal assessment marks for second year CS batch were not uploaded,Low,Computer Science,2,student,2026-05-05T12:01:22,Closed,neutral,Issue closed after investigation found no violation
HIST-01457,user_2230,False,Network/IT,Academic Block B,Student portal is unavailable on mobile browsers,Low,Civil,4,student,2026-01-05T17:37:59,Under Review,neutral,
HIST-01458,user_9163,False,Water/Sanitation,New Hostel Block,Drinking water supply in hostel corridor taps is inconsistent,Medium,Management,1,student,2025-12-26T12:04:13,Closed,negative,Issue closed after investigation found no violation
HIST-01459,user_6052,False,Transport,Route 3 Stop,The college bus on Route 3 frequently breaks down,Medium,Mathematics,4,faculty,2026-03-12T10:52:58,Submitted,neutral,
HIST-01460,user_5912,False,Water/Sanitation,Canteen,Washrooms near the auditorium are not cleaned regularly,Medium,Electronics,3,faculty,2026-04-27T00:20:32,In Progress,neutral,
HIST-01461,user_7666,False,Electricity,Block C Classroom,Electrical wiring in Block C looks damaged and poses a safety hazard,Low,Management,3,student,2026-03-08T19:41:45,Resolved,negative,Resolved after escalation to concerned authority
HIST-01462,user_1372,False,Transport,Transport Area,Route 3 bus schedule has not been updated for months,Medium,Chemical,4,student,2026-09-04T21:18:31,Resolved,neutral,Problem fixed following department review
HIST-01463,user_1428,False,Electricity,Block C Lab,Faulty wiring in Block C caused a short circuit last week,Medium,Management,1,student,2026-06-11T13:14:58,In Progress,negative,
HIST-01464,user_5671,False,Transport,Main Gate Bus Stop,Students waiting for Route 3 bus are stranded for over an hour,Low,Electronics,3,faculty,2025-12-18T22:59:05,Closed,negative,Withdrawn by submitter
HIST-01465,user_6369,False,Network/IT,Girls Hostel B,Very poor internet speed in Boys Hostel after 5pm,High,Civil,1,student,2026-07-01T17:34:03,Resolved,negative,Corrective action taken and verified
HIST-01466,user_4027,False,Maintenance,Seminar Hall,Air conditioning in department seminar hall is not working,Low,Physics,4,student,2026-02-24T22:07:30,Resolved,negative,Corrective action taken and verified
HIST-01467,user_2524,False,Transport,Transport Area,Bus on Route 3 is always late by 30 to 45 minutes,Low,Chemical,3,student,2025-10-09T19:48:08,Resolved,negative,Problem fixed following department review
HIST-01468,user_3251,False,Water/Sanitation,Hostel D,Hostel bathrooms have intermittent water availability,Medium,Electronics,3,student,2026-03-30T10:14:41,Closed,neutral,Closed without further action required
HIST-01469,user_9600,False,Network/IT,Girls Hostel B,WiFi signal is weak and unstable in hostel,Medium,Physics,2,student,2026-07-30T21:58:30,Submitted,neutral,
HIST-01470,user_2640,False,Network/IT,Boys Hostel A,Network connectivity in hostel is extremely poor after 6pm,Low,Mathematics,3,student,2026-05-10T17:38:09,In Progress,negative,
HIST-01471,user_6939,False,Water/Sanitation,Workshop,Washrooms near the auditorium are not cleaned regularly,Low,Chemical,1,student,2026-10-01T16:07:14,Resolved,neutral,Corrective action taken and verified
HIST-01472,user_2857,False,Electricity,Block C Classroom,Electrical wiring in Block C looks damaged and poses a safety hazard,Critical,Mechanical,4,staff,2025-10-18T09:18:03,In Progress,negative,
HIST-01473,user_2559,False,Network/IT,Girls Hostel B,My hostel room has no WiFi signal after 7pm every day,Medium,Physics,3,faculty,2026-01-06T19:41:05,Submitted,neutral,
HIST-01474,user_5328,False,Network/IT,Girls Hostel B,Network connectivity in hostel is extremely poor after 6pm,Medium,Management,2,faculty,2026-06-04T18:11:40,Submitted,negative,
HIST-01475,user_6468,True,Harassment,Near Library,Intimidation and threats were made during an event on campus,High,Electronics,4,student,2026-06-27T19:03:30,Submitted,negative,
HIST-01476,user_6215,False,Electricity,Block C,The main electrical panel in Block C needs urgent maintenance,Low,Computer Science,4,student,2026-01-29T00:29:17,Resolved,neutral,Issue resolved after maintenance team intervention
HIST-01477,user_3027,False,Network/IT,Hostel C,Very poor internet speed in Boys Hostel after 5pm,Medium,Chemical,2,student,2026-07-07T20:50:24,Resolved,negative,Problem fixed following department review
HIST-01478,user_3992,False,Electricity,Block C Lab,The electricity in Block C Lab trips without warning,Medium,Electronics,2,faculty,2026-02-19T14:00:17,Closed,neutral,Issue closed after investigation found no violation
HIST-01479,user_4478,False,Canteen,Admin Block,Vending machines in canteen are frequently out of stock,Critical,Civil,2,student,2025-12-16T03:23:49,Under Review,neutral,
HIST-01480,user_2291,True,Bullying,Campus Common Area,A group of seniors is creating a hostile environment for juniors,Low,Computer Science,1,student,2025-11-26T23:50:36,Submitted,negative,
HIST-01481,user_4793,False,Academic,Computer Science Department,Internal assessment marks for second year CS batch were not uploaded,Medium,Computer Science,2,student,2025-10-03T10:46:56,Resolved,neutral,Resolved after escalation to concerned authority
HIST-01482,user_1804,False,Network/IT,Girls Hostel B,Internet not working properly in hostel during evening hours,High,Management,3,student,2026-05-08T22:17:18,Under Review,negative,
HIST-01483,user_5530,False,Water/Sanitation,Main Building,Drainage in the main corridor gets clogged after rain,Medium,Chemical,2,student,2026-05-29T08:18:12,Submitted,negative,
HIST-01484,user_6103,False,Electricity,Seminar Hall,Generator backup is slow during power outages,Low,Civil,3,student,2026-07-27T19:30:57,Submitted,negative,
HIST-01485,user_9868,False,Infrastructure,Not Applicable,Roof of the old building is leaking during rains,Low,Management,4,student,2026-09-25T21:28:05,Resolved,negative,Resolved after escalation to concerned authority
HIST-01486,user_2305,False,Water/Sanitation,Girls Hostel B,Hostel water supply disrupted due to maintenance without prior notice,High,Electronics,4,student,2025-11-01T08:39:48,Under Review,neutral,
HIST-01487,user_9993,False,Library,Sports Complex,New edition textbooks are not available in the library,High,Electronics,3,student,2026-06-13T15:32:01,Resolved,neutral,Resolved after escalation to concerned authority
HIST-01488,user_9946,False,Canteen,Sports Complex,Canteen hygiene standards need improvement,High,Civil,4,faculty,2026-02-22T04:37:48,In Progress,neutral,
HIST-01489,user_5869,False,Water/Sanitation,Boys Hostel A,Hostel water supply is completely cut off during weekends,Medium,Electronics,1,student,2026-03-06T13:07:54,Under Review,negative,
HIST-01490,user_5874,False,Network/IT,Boys Hostel A,WiFi signal is weak and unstable in hostel,Low,Electronics,1,faculty,2025-11-26T19:19:21,Closed,neutral,Withdrawn by submitter
HIST-01491,user_2645,False,Transport,Transport Area,Route 3 has too few buses for the number of students,Low,Physics,4,student,2026-03-15T16:07:01,Resolved,neutral,Issue resolved after maintenance team intervention
HIST-01492,user_7613,False,Academic,Computer Science Department,No feedback session was held for second year CS students this term,Low,Computer Science,2,student,2026-02-07T06:00:15,Closed,neutral,Withdrawn by submitter
HIST-01493,user_1667,False,Academic,Computer Science Department,Internal assessment marks for second year CS batch were not uploaded,Critical,Computer Science,2,student,2026-08-30T22:12:09,Submitted,neutral,
HIST-01494,user_6110,False,Transport,Transport Area,Bus driver on Route 3 drives rashly and it is very unsafe,High,Physics,4,student,2026-02-12T14:06:13,In Progress,negative,
HIST-01495,user_7884,False,Network/IT,Boys Hostel A,WiFi keeps disconnecting in my hostel room,Medium,Computer Science,2,faculty,2026-07-02T21:26:14,Submitted,neutral,
HIST-01496,user_2523,False,Transport,Not Applicable,Bus timings are not aligned with class schedules,High,Mechanical,2,student,2026-05-05T22:51:36,Resolved,neutral,Resolved after escalation to concerned authority
HIST-01497,user_6460,False,Infrastructure,Admin Block,Pathway between departments is flooded after rain,Medium,Mathematics,3,faculty,2026-04-23T20:51:25,Resolved,negative,Resolved after escalation to concerned authority
HIST-01498,user_5408,False,Network/IT,Hostel C,Hostel WiFi becomes very slow in the evening,Medium,Civil,4,student,2026-08-21T22:48:15,In Progress,negative,
HIST-01499,user_1852,False,Academic,Computer Science Department,Mid-semester exams clashed for second year CS department students,Medium,Computer Science,2,student,2026-08-11T11:19:01,Resolved,neutral,Problem fixed following department review
HIST-01500,user_3242,True,Bullying,Campus Common Area,Intimidation and threats were made during an event on campus,High,Computer Science,3,student,2026-06-22T23:19:15,Submitted,negative,
HIST-01501,user_2126,False,Academic,Computer Science Department,Mid-semester exams clashed for second year CS department students,Low,Computer Science,2,student,2026-04-25T20:45:21,Resolved,neutral,Issue resolved after maintenance team intervention
HIST-01502,user_2545,False,Academic,Computer Science Department,CS department year 2 lab slots keep changing without notice,Medium,Computer Science,2,student,2026-08-02T09:32:58,Resolved,neutral,Problem fixed following department review
HIST-01503,user_1065,False,Academic,Computer Science Department,CS department year 2 lab slots keep changing without notice,Low,Computer Science,2,student,2026-07-19T09:32:14,Resolved,neutral,Problem fixed following department review
HIST-01504,user_2750,False,Network/IT,Girls Hostel B,Hostel network is almost unusable at night,Medium,Mathematics,3,student,2026-04-19T20:29:06,Under Review,negative,
HIST-01505,user_8814,False,Network/IT,Girls Hostel B,Hostel network is almost unusable at night,High,Mechanical,2,student,2025-12-18T18:38:09,Closed,negative,Issue closed after investigation found no violation
HIST-01506,user_1696,False,Academic,Computer Science Department,The syllabus for second year CS subjects was not updated this semester,Medium,Computer Science,2,student,2025-12-08T23:45:03,Resolved,neutral,Problem fixed following department review
HIST-01507,user_8687,False,Network/IT,Hostel C,"Network issues persist in hostel, reported multiple times",Medium,Mechanical,1,student,2026-08-07T19:35:23,In Progress,neutral,
HIST-01508,user_6916,False,Electricity,Block C Lab,The electricity in Block C Lab trips without warning,Medium,Mechanical,1,faculty,2026-09-01T04:21:07,In Progress,neutral,
HIST-01509,user_7651,False,Water/Sanitation,New Hostel Block,Hostel bathrooms have intermittent water availability,High,Civil,2,staff,2026-04-30T06:18:45,Resolved,neutral,Problem fixed following department review
HIST-01510,user_9879,False,Network/IT,Hostel C,My hostel room has no WiFi signal after 7pm every day,Low,Chemical,2,faculty,2026-06-26T22:54:16,Resolved,neutral,Problem fixed following department review
HIST-01511,user_2751,False,Network/IT,Girls Hostel B,Internet not working properly in hostel during evening hours,Critical,Management,2,faculty,2026-01-16T18:51:07,Closed,negative,Issue closed after investigation found no violation
HIST-01512,user_5330,False,Electricity,Block C,Lights keep flickering in Block C during lab sessions,Critical,Civil,4,faculty,2026-09-19T04:29:56,Resolved,neutral,Issue resolved after maintenance team intervention
HIST-01513,user_3601,False,Electricity,Block C Lab,Frequent power cuts in Block C classrooms are disrupting lectures,Critical,Mechanical,4,student,2026-02-08T06:35:09,Resolved,neutral,Issue resolved after maintenance team intervention
HIST-01514,user_5056,True,Bullying,Hostel,Intimidation and threats were made during an event on campus,Critical,Management,1,student,2026-07-25T14:15:23,Under Review,negative,
HIST-01515,user_2343,False,Maintenance,Not Applicable,Window panes in the library reading room are broken,Medium,Physics,4,staff,2026-02-12T21:05:35,Resolved,negative,Issue resolved after maintenance team intervention
HIST-01516,user_6473,False,Library,Main Building,New edition textbooks are not available in the library,Medium,Management,2,student,2026-02-04T00:54:59,Under Review,neutral,
HIST-01517,user_3758,False,Water/Sanitation,Hostel D,Water leaking from pipes in hostel basement for over two weeks,Medium,Physics,4,student,2025-12-10T09:06:03,Closed,negative,Closed without further action required
HIST-01518,user_4033,False,Water/Sanitation,Canteen,Water cooler on second floor of academic block is not working,Medium,Electronics,2,staff,2026-06-05T17:39:28,Under Review,negative,
HIST-01519,user_2701,False,Network/IT,Hostel C,WiFi keeps disconnecting in my hostel room,Low,Electronics,1,student,2026-06-29T19:57:01,Under Review,neutral,
HIST-01520,user_1275,False,Water/Sanitation,Hostel D,Hot water facility in hostel is non-functional during winter mornings,Low,Physics,3,student,2026-03-20T06:43:16,Under Review,negative,
HIST-01521,user_8705,False,Network/IT,Girls Hostel B,Hostel WiFi becomes very slow in the evening,Critical,Mechanical,4,faculty,2026-05-11T20:23:34,Submitted,negative,
HIST-01522,user_4578,False,Library,Admin Block,Library is too noisy to study in,Low,Physics,1,student,2026-02-12T15:39:09,Resolved,neutral,Issue resolved after maintenance team intervention
HIST-01523,user_3075,False,Network/IT,Hostel C,Cannot access internet from hostel room in the evening,Low,Electronics,2,student,2025-12-11T19:00:45,Closed,neutral,Issue closed after investigation found no violation
HIST-01524,user_3774,False,Academic,Computer Science Department,Second year CS students are not getting study materials on time,Critical,Computer Science,2,student,2026-03-12T03:31:09,Resolved,neutral,Problem fixed following department review
HIST-01525,user_9350,False,Other,Admin Block,Communication from admin about events is unclear,Low,Physics,1,student,2026-01-17T21:29:53,Resolved,neutral,Corrective action taken and verified
HIST-01526,user_4909,False,Water/Sanitation,Girls Hostel B,The overhead water tank in hostel is not being filled regularly,Low,Computer Science,4,student,2026-06-29T22:39:13,Resolved,neutral,Corrective action taken and verified
HIST-01527,user_7683,False,Network/IT,Boys Hostel A,My hostel room has no WiFi signal after 7pm every day,High,Physics,4,student,2026-01-26T20:54:57,Resolved,neutral,Corrective action taken and verified
HIST-01528,user_1086,False,Network/IT,Hostel C,WiFi signal is weak and unstable in hostel,Low,Civil,4,student,2026-07-27T19:10:38,Under Review,neutral,
HIST-01529,user_9568,False,Water/Sanitation,Hostel C,The overhead water tank in hostel is not being filled regularly,High,Computer Science,1,student,2026-09-21T03:36:04,Submitted,neutral,
HIST-01530,user_5477,False,Transport,Auditorium,Bus driver is rude to students,Low,Mechanical,2,student,2025-11-20T17:39:24,Resolved,negative,Issue resolved after maintenance team intervention
HIST-01531,user_4072,False,Transport,Transport Area,We missed exams because Route 3 bus was cancelled without notification,Low,Mechanical,4,student,2026-05-01T00:41:39,Resolved,negative,Corrective action taken and verified
HIST-01532,user_9071,False,Water/Sanitation,Girls Hostel B,Hostel bathrooms have intermittent water availability,Medium,Electronics,2,student,2026-02-11T04:50:11,Resolved,neutral,Problem fixed following department review
HIST-01533,user_9971,False,Infrastructure,Academic Block A,Elevator in the admin block is out of order,High,Civil,1,staff,2025-12-14T07:48:16,In Progress,neutral,
HIST-01534,user_4897,False,Water/Sanitation,Girls Hostel B,Hostel bathrooms have intermittent water availability,High,Electronics,3,student,2026-06-24T06:51:07,Submitted,neutral,
HIST-01535,user_1972,False,Transport,Main Gate Bus Stop,Route 3 bus skips stops without any prior notice,Low,Mathematics,4,student,2026-01-16T13:52:56,Under Review,neutral,
HIST-01536,user_8040,False,Electricity,Block C Classroom,The electricity in Block C Lab trips without warning,Medium,Electronics,1,staff,2025-11-26T05:38:31,Resolved,neutral,Resolved after escalation to concerned authority
HIST-01537,user_4457,True,Bullying,Near Library,Intimidation and threats were made during an event on campus,High,Mechanical,3,student,2026-07-06T09:25:11,Under Review,negative,
HIST-01538,user_7364,False,Network/IT,Hostel C,The internet bandwidth in hostel is severely throttled after sunset,High,Computer Science,3,student,2026-06-16T19:04:32,Under Review,neutral,
HIST-01539,user_4153,False,Electricity,Block C,Electrical wiring in Block C looks damaged and poses a safety hazard,Low,Mathematics,3,staff,2025-10-13T15:27:54,In Progress,negative,
HIST-01540,user_9647,False,Network/IT,Hostel C,Network connectivity in hostel is extremely poor after 6pm,Medium,Management,1,staff,2026-08-03T21:20:44,Resolved,negative,Resolved after escalation to concerned authority
HIST-01541,user_5795,False,Water/Sanitation,Girls Hostel B,No water supply in the hostel from midnight to 6am,Medium,Mathematics,4,student,2025-11-11T11:09:52,Resolved,negative,Problem fixed following department review
HIST-01542,user_6640,False,Electricity,Block C,Power supply in Block C cuts off multiple times a day,Medium,Civil,3,student,2026-04-20T00:41:19,Submitted,neutral,
HIST-01543,user_3231,False,Electricity,Academic Block A,Power outlets in the library are insufficient,Medium,Management,4,student,2026-02-16T09:17:42,In Progress,negative,
HIST-01544,user_7627,False,Transport,Workshop,Bus driver is rude to students,Medium,Chemical,2,student,2025-12-01T17:30:55,Under Review,negative,
HIST-01545,user_7742,False,Electricity,Block C Classroom,Power supply in Block C cuts off multiple times a day,Critical,Civil,2,student,2025-10-11T23:25:14,Closed,neutral,Issue closed after investigation found no violation
HIST-01546,user_5713,True,Harassment,Canteen,There is ongoing bullying in the hostel common room,Critical,Mathematics,4,student,2026-06-22T23:03:05,Under Review,negative,
HIST-01547,user_5413,False,Electricity,Block C,Electrical wiring in Block C looks damaged and poses a safety hazard,High,Mechanical,1,student,2026-03-20T18:43:12,Closed,negative,Withdrawn by submitter
HIST-01548,user_5080,False,Electricity,Block C Classroom,The electricity in Block C Lab trips without warning,Low,Electronics,1,student,2026-08-12T13:20:45,Under Review,neutral,
HIST-01549,user_3042,False,Academic,Computer Science Department,CS department year 2 lab slots keep changing without notice,Medium,Computer Science,2,student,2026-01-20T09:15:10,In Progress,neutral,
HIST-01550,user_7884,False,Electricity,Block C,Power supply in Block C cuts off multiple times a day,Low,Physics,3,student,2026-05-16T20:12:43,Resolved,neutral,Issue resolved after maintenance team intervention
